Name,Province,Climate ID,Station ID,WMO ID,TC ID,Latitude (Decimal Degrees),Longitude (Decimal Degrees),Latitude,Longitude,Elevation (m),First Year,Last Year,HLY First Year,HLY Last Year,DLY First Year,DLY Last Year,MLY First Year,MLY Last Year,Span
ESQUIMALT HARBOUR,BRITISH COLUMBIA,1012710,52,71798.0,WPF,48.43,-123.44,482555100,-1232621600,3.0,1957,2024,1994.0,2024.0,1957.0,2024.0,1957.0,2005.0,31.0
MALAHAT,BRITISH COLUMBIA,1014820,65,71774.0,WKH,48.57,-123.53,483429700,-1233147700,365.8,1920,2024,1994.0,2024.0,1920.0,2024.0,1920.0,2005.0,31.0
RACE ROCKS,BRITISH COLUMBIA,1016640,10943,71778.0,WQK,48.3,-123.53,481752743,-1233153186,7.4,1994,2024,1994.0,2024.0,1995.0,2024.0,,,31.0
SATURNA ISLAND CS,BRITISH COLUMBIA,1017101,96,71473.0,WEZ,48.78,-123.04,484702067,-1230241082,24.4,1980,2024,1994.0,2024.0,1980.0,2024.0,1980.0,2007.0,31.0
SHERINGHAM POINT,BRITISH COLUMBIA,1017254,6811,71780.0,WSP,48.38,-123.92,482236100,-1235515700,6.9,1992,2024,1994.0,2024.0,1992.0,2024.0,1992.0,2007.0,31.0
VICTORIA UNIVERSITY CS,BRITISH COLUMBIA,1018598,6812,71783.0,WYJ,48.46,-123.3,482725200,-1231816600,60.1,1992,2024,1994.0,2024.0,1992.0,2024.0,1992.0,2007.0,31.0
VICTORIA GONZALES HTS,BRITISH COLUMBIA,1018610,113,,WLM,48.41,-123.33,482447061,-1231930017,69.5,1898,2004,1953.0,2000.0,1898.0,2004.0,1898.0,2004.0,48.0
VICTORIA GONZALES CS,BRITISH COLUMBIA,1018611,114,71200.0,WLM,48.41,-123.32,482447896,-1231929192,61.04,1972,2024,1994.0,2024.0,1973.0,2024.0,1972.0,2007.0,31.0
VICTORIA INT'L A,BRITISH COLUMBIA,1018620,118,71799.0,YYJ,48.65,-123.43,483850010,-1232533000,19.51,1940,2013,1953.0,2013.0,1940.0,2013.0,1940.0,2013.0,61.0
BALLENAS ISLAND,BRITISH COLUMBIA,1020590,138,71769.0,WGB,49.35,-124.16,492101000,-1240937000,14.51,1966,2024,1994.0,2024.0,1966.0,2024.0,1967.0,2007.0,31.0
CAMPBELL RIVER A,BRITISH COLUMBIA,1021261,145,,YBL,49.95,-125.27,495707000,-1251623000,108.8,1965,2024,1979.0,2013.0,1965.0,2024.0,1965.0,2007.0,35.0
COMOX A,BRITISH COLUMBIA,1021830,155,71893.0,YQQ,49.72,-124.9,494300000,-1245400000,25.6,1944,2024,1953.0,2024.0,1944.0,2024.0,1944.0,2017.0,72.0
ENTRANCE ISLAND,BRITISH COLUMBIA,1022689,29411,71772.0,WEL,49.21,-123.81,491231195,-1234838001,7.6,1992,2024,1994.0,2024.0,1992.0,2024.0,1992.0,2006.0,31.0
NANAIMO A,BRITISH COLUMBIA,1025370,192,,YCD,49.05,-123.87,490316000,-1235212000,28.04,1947,2016,1954.0,2013.0,1947.0,2016.0,1947.0,2007.0,60.0
PORT HARDY A,BRITISH COLUMBIA,1026270,202,71109.0,YZT,50.68,-127.37,504049000,-1272158000,21.6,1944,2013,1953.0,2013.0,1944.0,2013.0,1944.0,2013.0,61.0
SISTERS ISLAND,BRITISH COLUMBIA,1027403,6813,71781.0,WGT,49.49,-124.43,492911800,-1242605800,20.0,1992,2024,1995.0,2024.0,1992.0,2024.0,1992.0,2004.0,30.0
CAPE SCOTT,BRITISH COLUMBIA,1031353,237,,WES,50.78,-128.43,504656040,-1282538020,71.6,1965,2024,1966.0,2001.0,1965.0,2024.0,1965.0,2007.0,36.0
ESTEVAN POINT CS,BRITISH COLUMBIA,1032731,8040,71894.0,WEB,49.38,-126.54,492259914,-1263235193,5.8,1993,2024,1994.0,2024.0,1993.0,2024.0,1997.0,2007.0,31.0
PORT ALBERNI (AUT),BRITISH COLUMBIA,1036B06,8045,71475.0,WQC,49.32,-124.93,491859700,-1245536600,76.2,1992,2024,1994.0,2024.0,1992.0,2024.0,2002.0,2007.0,31.0
SARTINE ISLAND (AUT),BRITISH COLUMBIA,1037090,8261,71478.0,WFG,50.82,-128.91,504916000,-1285429000,103.45,1994,2024,1994.0,2024.0,1994.0,2024.0,2005.0,2007.0,31.0
SOLANDER ISLAND (AUT),BRITISH COLUMBIA,1037553,8260,71479.0,WRU,50.11,-127.94,500641436,-1275623999,94.2,1994,2024,1994.0,2024.0,1994.0,2024.0,2007.0,2007.0,31.0
TOFINO A,BRITISH COLUMBIA,1038205,277,,YAZ,49.08,-125.77,490456000,-1254621020,24.45,1942,2023,1960.0,2014.0,1942.0,2023.0,1942.0,2007.0,55.0
MERRY ISLAND LIGHTSTATION,BRITISH COLUMBIA,1045100,320,,WMR,49.47,-123.91,492803030,-1235445040,7.2,1954,2024,1954.0,2001.0,1957.0,2024.0,1957.0,2007.0,48.0
HOWE SOUND - PAM ROCKS,BRITISH COLUMBIA,10459NN,6817,71211.0,WAS,49.49,-123.3,492916009,-1231758030,7.14,1991,2024,1994.0,2024.0,1991.0,2024.0,1991.0,2007.0,31.0
POWELL RIVER A,BRITISH COLUMBIA,1046391,327,,YPW,49.83,-124.5,495003010,-1243001000,129.51,1954,2024,1982.0,2013.0,1954.0,2024.0,1954.0,2007.0,32.0
SQUAMISH AIRPORT,BRITISH COLUMBIA,10476F0,336,71207.0,WSK,49.78,-123.16,494659550,-1230940300,53.7,1982,2024,1982.0,2024.0,1982.0,2024.0,1982.0,2007.0,43.0
WHISTLER,BRITISH COLUMBIA,1048898,348,,WAE,50.13,-122.95,500744001,-1225717400,657.8,1976,2024,1983.0,2014.0,1976.0,2024.0,1976.0,2007.0,32.0
CAPE ST JAMES,BRITISH COLUMBIA,1051351,10901,71107.0,WZV,51.94,-131.02,515609000,-1310057000,87.8,1992,2024,1993.0,2024.0,1992.0,2024.0,1994.0,2007.0,32.0
KINDAKUN ROCKS (AUT),BRITISH COLUMBIA,1054222,8062,71472.0,WQS,53.32,-132.77,531856088,-1324619199,14.7,1994,2024,1994.0,2024.0,1994.0,2024.0,2005.0,2005.0,31.0
LANGARA,BRITISH COLUMBIA,1054500,358,71899.0,WLA,54.26,-133.06,541518648,-1330328799,42.69,1936,2024,1954.0,2001.0,1936.0,2024.0,1936.0,2007.0,48.0
LANGARA ISLAND RCS,BRITISH COLUMBIA,1054503,6819,71903.0,WJU,54.26,-133.06,541519397,-1330330557,46.9,1992,2024,1994.0,2024.0,1992.0,2024.0,1992.0,2007.0,31.0
ROSE SPIT (AUT),BRITISH COLUMBIA,1056869,8064,71477.0,WRO,54.16,-131.66,540932904,-1313940773,6.6,1994,2024,1994.0,2024.0,1994.0,2024.0,2004.0,2005.0,31.0
SANDSPIT A,BRITISH COLUMBIA,1057050,367,,YZP,53.25,-131.81,531514000,-1314847000,6.4,1945,2017,1953.0,2005.0,1945.0,2017.0,1945.0,2007.0,53.0
BELLA COOLA A,BRITISH COLUMBIA,1060841,381,71206.0,YBD,52.39,-126.6,522315000,-1263545000,35.7,1983,2017,1983.0,2013.0,1983.0,2017.0,1983.0,2007.0,31.0
BONILLA ISLAND (AUT),BRITISH COLUMBIA,1060R0K,8265,71484.0,WWL,53.49,-130.64,532934259,-1303820400,12.52,1994,2024,1994.0,2024.0,1994.0,2024.0,2002.0,2007.0,31.0
CATHEDRAL POINT (AUT),BRITISH COLUMBIA,1061458,8264,71482.0,WME,52.19,-127.47,521114830,-1272816180,26.4,1994,2024,1994.0,2024.0,1994.0,2024.0,2002.0,2007.0,31.0
CUMSHEWA ISLAND,BRITISH COLUMBIA,1062251,6822,71771.0,WZL,53.03,-131.6,530149476,-1313605599,12.57,1992,2024,1994.0,2024.0,1992.0,2024.0,1993.0,2007.0,31.0
EGG ISLAND,BRITISH COLUMBIA,1062646,389,,WEM,51.25,-127.84,511450000,-1275007300,14.0,1965,2024,1969.0,2001.0,1965.0,2024.0,1965.0,2007.0,33.0
GREEN ISLAND,BRITISH COLUMBIA,1063298,393,,WNJ,54.57,-130.71,543407020,-1304229020,11.9,1970,2024,1970.0,2001.0,1978.0,2024.0,1978.0,2007.0,32.0
GREY ISLET (AUT),BRITISH COLUMBIA,1063303,8258,71476.0,WEK,54.58,-130.7,543449152,-1304152080,9.5,1994,2024,1994.0,2024.0,1994.0,2024.0,2005.0,2007.0,31.0
HERBERT ISLAND (AUT),BRITISH COLUMBIA,1063461,8259,71485.0,WLP,50.94,-127.63,505623140,-1273755380,13.5,1994,2024,1994.0,2024.0,1994.0,2024.0,2005.0,2007.0,31.0
HOLLAND ROCK,BRITISH COLUMBIA,1063496,6823,71219.0,WHL,54.17,-130.36,541020042,-1302139060,5.5,1991,2024,1994.0,2024.0,1991.0,2024.0,1991.0,1997.0,31.0
LUCY ISLAND LIGHTSTATION,BRITISH COLUMBIA,1064728,6824,71220.0,WLC,54.3,-130.61,541745312,-1303632400,2.0,1991,2024,1994.0,2024.0,1991.0,2024.0,1991.0,2000.0,31.0
MCINNES ISLAND,BRITISH COLUMBIA,1065010,409,71897.0,WMS,52.26,-128.72,521542000,-1284310000,25.9,1954,2024,1955.0,2001.0,1954.0,2024.0,1954.0,2007.0,47.0
PRINCE RUPERT A,BRITISH COLUMBIA,1066481,422,,,54.29,-130.44,541733000,-1302641000,35.4,1961,2006,1961.0,2005.0,1962.0,2006.0,1962.0,2006.0,45.0
STEWART A,BRITISH COLUMBIA,1067742,434,,ZST,55.94,-129.99,555610000,-1295906000,7.3,1974,2016,1974.0,2015.0,1974.0,2016.0,1975.0,2007.0,42.0
TERRACE A,BRITISH COLUMBIA,1068130,441,71951.0,YXT,54.47,-128.58,542759000,-1283439000,217.3,1953,2013,1955.0,2013.0,1953.0,2013.0,1953.0,2013.0,59.0
TRIPLE ISLAND,BRITISH COLUMBIA,1068250,446,,WTI,54.29,-130.88,541740800,-1305249100,20.7,1953,2024,1953.0,2001.0,1989.0,2024.0,1989.0,2007.0,49.0
SMITHERS A,BRITISH COLUMBIA,1077500,487,,YYD,54.82,-127.18,544929000,-1271058000,521.8,1942,2018,1953.0,2012.0,1942.0,2018.0,1942.0,2010.0,60.0
PEMBERTON AIRPORT CS,BRITISH COLUMBIA,1086082,536,71777.0,WGP,50.31,-122.73,501820326,-1224402720,204.31,1984,2024,1988.0,2024.0,1984.0,2024.0,1984.0,2006.0,37.0
PUNTZI MOUNTAIN (AUT),BRITISH COLUMBIA,1086558,8092,71050.0,WPU,52.11,-124.14,520652000,-1240808000,909.8,1993,2024,1994.0,2024.0,1993.0,2024.0,2005.0,2006.0,31.0
BURNS LAKE DECKER LAKE,BRITISH COLUMBIA,1091174,574,71952.0,WPZ,54.38,-125.96,542259400,-1255731200,713.2,1990,2024,1990.0,2024.0,1990.0,2024.0,1990.0,2006.0,35.0
PRINCE GEORGE A,BRITISH COLUMBIA,1096450,631,71896.0,YXS,53.89,-122.68,535327000,-1224044000,691.3,1942,2009,1953.0,2009.0,1942.0,2009.0,1942.0,2009.0,57.0
QUESNEL A,BRITISH COLUMBIA,1096630,640,,,53.03,-122.51,530134000,-1223036000,545.0,1946,2007,1953.0,2006.0,1946.0,2007.0,1946.0,2007.0,54.0
WILLIAMS LAKE A,BRITISH COLUMBIA,1098940,664,71104.0,YWL,52.18,-122.05,521059000,-1220315000,939.7,1960,2012,1961.0,2012.0,1960.0,2012.0,1961.0,2012.0,52.0
ABBOTSFORD A,BRITISH COLUMBIA,1100030,702,71108.0,YXX,49.03,-122.36,490131000,-1222136000,59.13,1944,2012,1953.0,2012.0,1944.0,2012.0,1944.0,2012.0,60.0
AGASSIZ RCS,BRITISH COLUMBIA,1100119,706,71113.0,WZA,49.24,-121.76,491435000,-1214537000,19.3,1988,2024,1994.0,2024.0,1988.0,2024.0,1988.0,2006.0,31.0
PITT MEADOWS CS,BRITISH COLUMBIA,1106178,6830,71775.0,WMM,49.21,-122.69,491229964,-1224124076,5.0,1993,2024,1994.0,2024.0,1993.0,2024.0,1993.0,2007.0,31.0
SANDHEADS CS,BRITISH COLUMBIA,1107010,6831,71209.0,WVF,49.11,-123.3,490621225,-1231812123,11.0,1991,2024,1994.0,2024.0,1991.0,2024.0,1991.0,1999.0,31.0
VANCOUVER HARBOUR CS,BRITISH COLUMBIA,1108446,888,71201.0,WHC,49.3,-123.12,491743270,-1230718730,2.5,1925,2024,1976.0,2024.0,1925.0,2024.0,1925.0,2007.0,49.0
VANCOUVER INT'L A,BRITISH COLUMBIA,1108447,889,,YVR,49.2,-123.18,491142000,-1231055000,4.3,1937,2013,1953.0,2013.0,1937.0,2013.0,1937.0,2013.0,61.0
WEST VANCOUVER AUT,BRITISH COLUMBIA,1108824,6833,71784.0,WWA,49.35,-123.19,492049350,-1231135910,170.21,1992,2024,1994.0,2024.0,1992.0,2024.0,1992.0,2007.0,31.0
WHITE ROCK CAMPBELL SCIENTIFIC,BRITISH COLUMBIA,1108910,925,71785.0,WWK,49.02,-122.78,490105000,-1224702000,13.0,1929,2024,1994.0,2024.0,1929.0,2024.0,1929.0,2007.0,31.0
HOPE A,BRITISH COLUMBIA,1113540,946,,,49.37,-121.5,492206000,-1212953000,39.0,1934,1995,1953.0,1995.0,1934.0,1995.0,1934.0,1995.0,43.0
HOPE SLIDE,BRITISH COLUMBIA,1113581,951,,WKV,49.27,-121.23,491600000,-1211400000,685.0,1969,2024,1969.0,2014.0,1975.0,2024.0,1975.0,2007.0,46.0
KELOWNA A,BRITISH COLUMBIA,1123970,1001,71203.0,YLW,49.96,-119.38,495722000,-1192240000,429.5,1959,2005,1959.0,2005.0,1968.0,2005.0,1968.0,2005.0,47.0
OSOYOOS CS,BRITISH COLUMBIA,1125852,1041,71215.0,WYY,49.03,-119.44,490141850,-1192627570,282.9,1990,2024,1994.0,2024.0,1990.0,2024.0,1990.0,2006.0,31.0
PENTICTON A,BRITISH COLUMBIA,1126150,1053,71889.0,YYF,49.46,-119.6,492747000,-1193608000,344.42,1941,2012,1953.0,2012.0,1941.0,2012.0,1941.0,2012.0,60.0
PRINCETON A,BRITISH COLUMBIA,1126510,1056,,YDC,49.47,-120.51,492804000,-1203045000,701.65,1936,2024,1953.0,2013.0,1936.0,2024.0,1937.0,2007.0,61.0
PRINCETON CS,BRITISH COLUMBIA,112FN0M,6834,71032.0,WPR,49.47,-120.51,492754000,-1203036000,696.5,1992,2024,1994.0,2024.0,1992.0,2024.0,1993.0,2006.0,31.0
SUMMERLAND CS,BRITISH COLUMBIA,112G8L1,979,71768.0,WUS,49.56,-119.65,493345200,-1193855300,454.2,1990,2024,1994.0,2024.0,1990.0,2024.0,1990.0,2006.0,31.0
CASTLEGAR A,BRITISH COLUMBIA,1141455,1105,,YCG,49.3,-117.63,491747000,-1173757000,495.6,1954,2024,1954.0,2013.0,1965.0,2024.0,1966.0,2007.0,60.0
NAKUSP CS,BRITISH COLUMBIA,1145297,6840,71216.0,WNP,50.27,-117.82,501609930,-1174901540,512.1,1991,2024,1994.0,2024.0,1991.0,2024.0,1991.0,2006.0,31.0
NELSON CS,BRITISH COLUMBIA,1145M29,6839,71776.0,WNM,49.49,-117.31,492929000,-1171819000,534.9,1992,2024,1994.0,2024.0,1992.0,2024.0,1992.0,2006.0,31.0
CRESTON CAMPBELL SCIENTIFIC,BRITISH COLUMBIA,114B1F0,6838,71770.0,WJR,49.08,-116.5,490454082,-1163002449,640.7,1993,2024,1994.0,2024.0,1993.0,2024.0,1993.0,2006.0,31.0
CRANBROOK A,BRITISH COLUMBIA,1152102,1174,71880.0,YXC,49.61,-115.78,493644000,-1154655000,940.0,1968,2012,1968.0,2012.0,1968.0,2012.0,1968.0,2012.0,45.0
SPARWOOD CS,BRITISH COLUMBIA,1157631,6842,71782.0,WGW,49.75,-114.88,494442000,-1145302040,1136.7,1992,2024,1994.0,2024.0,1992.0,2024.0,1993.0,2006.0,31.0
BLUE RIVER A,BRITISH COLUMBIA,1160899,1237,,YCP,52.13,-119.29,520744500,-1191722300,690.4,1969,2024,1969.0,2015.0,1969.0,2024.0,1969.0,2007.0,47.0
BLUE RIVER CS,BRITISH COLUMBIA,1160H99,8214,71883.0,WSV,52.13,-119.29,520744400,-1191723700,682.8,1992,2024,1993.0,2024.0,1992.0,2024.0,1997.0,2006.0,32.0
KAMLOOPS A,BRITISH COLUMBIA,1163780,1275,71887.0,YKA,50.7,-120.44,504208000,-1202631000,345.3,1951,2013,1953.0,2013.0,1951.0,2013.0,1951.0,2013.0,61.0
SALMON ARM CS,BRITISH COLUMBIA,116FRMN,6843,71218.0,WSL,50.7,-119.29,504210800,-1191726440,350.5,1991,2024,1994.0,2024.0,1991.0,2024.0,1991.0,2006.0,31.0
REVELSTOKE AIRPORT RD,BRITISH COLUMBIA,1176751,1372,,,50.95,-118.17,505712000,-1180959000,450.0,1969,1999,1969.0,1999.0,1969.0,1999.0,1969.0,1999.0,31.0
YOHO PARK,BRITISH COLUMBIA,11790J1,6844,71786.0,WYL,51.44,-116.34,512634400,-1162040400,1602.0,1992,2024,1994.0,2024.0,1992.0,2024.0,1993.0,2006.0,31.0
CHETWYND A,BRITISH COLUMBIA,1181508,1400,,YCQ,55.69,-121.63,554114000,-1213736000,609.6,1982,2024,1982.0,2014.0,1982.0,2024.0,1982.0,2007.0,33.0
DAWSON CREEK A,BRITISH COLUMBIA,1182285,1404,71471.0,YDQ,55.74,-120.18,554430000,-1201055000,654.7,1964,2009,1964.0,2009.0,1968.0,2009.0,1968.0,2006.0,46.0
FORT ST JOHN A,BRITISH COLUMBIA,1183000,1413,71943.0,YXJ,56.24,-120.74,561417000,-1204425000,694.9,1942,2012,1953.0,2012.0,1942.0,2012.0,1942.0,2012.0,60.0
MACKENZIE A,BRITISH COLUMBIA,1184790,1423,,VMK,55.31,-123.14,551819000,-1230817000,690.1,1971,2015,1971.0,2015.0,1971.0,2013.0,1971.0,2007.0,45.0
DEASE LAKE,BRITISH COLUMBIA,1192340,1454,71958.0,WDL,58.43,-130.01,582542006,-1300038004,806.6,1944,2012,1953.0,2012.0,1944.0,2011.0,1944.0,2007.0,60.0
FORT NELSON A,BRITISH COLUMBIA,1192940,1455,71945.0,YYE,58.84,-122.6,585011000,-1223550000,381.9,1937,2012,1953.0,2012.0,1937.0,2012.0,1937.0,2012.0,60.0
DEASE LAKE (AUT),BRITISH COLUMBIA,119BLM0,6845,71222.0,WKX,58.43,-130.03,582533959,-1300130000,800.67,1993,2024,1994.0,2024.0,1993.0,2024.0,1993.0,2007.0,31.0
BEAVER CREEK A,YUKON TERRITORY,2100160,1518,,YXQ,62.41,-140.87,622437000,-1405203000,649.0,1968,2015,1968.0,2014.0,1968.0,2015.0,1968.0,2006.0,47.0
BURWASH A,YUKON TERRITORY,2100182,1525,,YDB,61.37,-139.05,612200000,-1390300000,806.2,1966,2015,1966.0,2012.0,1966.0,2015.0,1966.0,2007.0,47.0
DAWSON A,YUKON TERRITORY,2100402,1535,,YDA,64.04,-139.13,640235000,-1390740000,370.33,1976,2015,1976.0,2013.0,1976.0,2015.0,1976.0,2007.0,38.0
FARO (AUT),YUKON TERRITORY,2100518,8964,71949.0,WUM,62.21,-133.38,621227000,-1332233000,716.6,1992,2024,1994.0,2024.0,1992.0,2024.0,2002.0,2007.0,31.0
HAINES JUNCTION,YUKON TERRITORY,2100630,1556,71505.0,WHT,60.77,-137.58,604621008,-1373449004,595.3,1944,2024,1960.0,2024.0,1944.0,2024.0,1944.0,2006.0,65.0
HERSCHEL ISLAND,YUKON TERRITORY,2100636,1560,71501.0,WJN,69.57,-138.91,693405500,-1385448200,1.2,1974,2024,1994.0,2024.0,1974.0,2024.0,1974.0,2007.0,31.0
IVVAVIK NAT. PARK,YUKON TERRITORY,2100660,26869,71978.0,WOI,69.16,-140.15,690952000,-1400900000,243.8,1995,2024,1995.0,2024.0,1995.0,2024.0,2004.0,2006.0,30.0
KOMAKUK BEACH,YUKON TERRITORY,2100682,10822,71046.0,WKM,69.61,-140.2,693643000,-1401149000,13.2,1994,2024,1994.0,2024.0,1994.0,2024.0,,,31.0
MAYO A,YUKON TERRITORY,2100700,1572,71965.0,YMA,63.62,-135.87,633700000,-1355200000,503.8,1924,2013,1953.0,2013.0,1924.0,2013.0,1925.0,2013.0,61.0
OLD CROW A,YUKON TERRITORY,2100800,1582,,YOC,67.57,-139.84,673414000,-1395021000,250.24,1951,2015,1975.0,2013.0,1951.0,2015.0,1951.0,2007.0,39.0
OLD CROW RCS,YUKON TERRITORY,2100805,26894,71044.0,ZOC,67.57,-139.84,673414000,-1395021000,251.2,1994,2024,1994.0,2024.0,1995.0,2024.0,2006.0,2007.0,31.0
ROCK RIVER,YUKON TERRITORY,2100935,8979,71506.0,WRR,66.98,-136.22,665852000,-1361305000,731.0,1994,2024,1994.0,2024.0,1995.0,2024.0,,,31.0
SHINGLE POINT A,YUKON TERRITORY,2100950,1596,71968.0,YUA,68.95,-137.22,685700000,-1371300000,49.4,1957,2023,1973.0,2023.0,1957.0,2023.0,1957.0,1993.0,51.0
DAWSON,YUKON TERRITORY,2100LRP,10194,71966.0,WON,64.06,-139.13,640339076,-1390736000,370.0,1995,2024,1995.0,2024.0,1995.0,2024.0,1999.0,2007.0,30.0
TESLIN A,YUKON TERRITORY,2101100,1610,,YZW,60.17,-132.74,601026900,-1324409200,705.0,1943,2014,1953.0,2014.0,1943.0,2014.0,1943.0,2006.0,62.0
TESLIN (AUT),YUKON TERRITORY,2101102,8985,71045.0,WZW,60.17,-132.73,601000000,-1324400000,705.0,1992,2024,1994.0,2024.0,1992.0,2024.0,2001.0,2007.0,31.0
WATSON LAKE A,YUKON TERRITORY,2101200,1615,71953.0,YQH,60.12,-128.82,600659400,-1284920400,687.35,1938,2014,1953.0,2014.0,1938.0,2014.0,1938.0,2014.0,62.0
WHITEHORSE A,YUKON TERRITORY,2101300,1617,71964.0,YXY,60.71,-135.07,604234200,-1350407800,706.2,1942,2012,1953.0,2012.0,1942.0,2012.0,1942.0,2007.0,60.0
AKLAVIK A,NORTHWEST TERRITORIES,2200100,1623,,YKD,68.22,-135.01,681324000,-1350021000,6.4,1926,2014,1953.0,2014.0,1926.0,2014.0,1926.0,2007.0,62.0
CAPE PARRY A,NORTHWEST TERRITORIES,2200675,1633,71948.0,ZCP,70.17,-124.72,701000000,-1244300000,86.6,1956,2023,1956.0,2023.0,1957.0,2023.0,1957.0,2007.0,68.0
COLVILLE LAKE,NORTHWEST TERRITORIES,2200824,10867,71055.0,WFX,67.02,-126.12,670117040,-1260723070,271.0,1994,2024,1994.0,2024.0,1995.0,2024.0,2004.0,2006.0,31.0
FORT GOOD HOPE A,NORTHWEST TERRITORIES,2201400,1644,,YGH,66.24,-128.65,661427000,-1283903000,81.38,1944,2015,1965.0,2015.0,1944.0,2015.0,1944.0,2007.0,51.0
FORT LIARD A,NORTHWEST TERRITORIES,2201575,1646,,YJF,60.24,-123.47,601406000,-1232801000,215.8,1973,2014,1973.0,2014.0,1973.0,2014.0,1973.0,2007.0,42.0
FORT LIARD,NORTHWEST TERRITORIES,2201579,10687,71497.0,WJL,60.23,-123.47,601400000,-1232800000,213.4,1994,2024,1994.0,2024.0,1996.0,2024.0,1996.0,2007.0,31.0
FORT PROVIDENCE,NORTHWEST TERRITORIES,2201799,10902,71087.0,WID,61.32,-117.6,611901000,-1173607000,161.5,1994,2024,1994.0,2024.0,1994.0,2024.0,2006.0,2007.0,31.0
FORT RELIANCE (AUT),NORTHWEST TERRITORIES,2201903,8935,71160.0,WFZ,62.71,-109.17,624241000,-1091006000,167.6,1994,2024,1994.0,2024.0,1994.0,2024.0,1996.0,2007.0,31.0
FORT RESOLUTION A,NORTHWEST TERRITORIES,2202000,1654,,YFR,61.18,-113.69,611051000,-1134123000,160.3,1930,2014,1954.0,2014.0,1930.0,2014.0,1930.0,2007.0,61.0
FORT SIMPSON A,NORTHWEST TERRITORIES,2202101,1656,71946.0,YFS,61.76,-121.24,614537000,-1211412000,169.2,1963,2014,1963.0,2014.0,1963.0,2014.0,1963.0,2010.0,52.0
FORT SMITH A,NORTHWEST TERRITORIES,2202200,1660,71934.0,YSM,60.02,-111.96,600113000,-1115743000,205.13,1943,2014,1953.0,2014.0,1943.0,2014.0,1943.0,2014.0,62.0
HANBURY RIVER,NORTHWEST TERRITORIES,2202351,10897,71963.0,WQY,63.6,-105.13,633600000,-1050800000,317.4,1994,2024,1994.0,2024.0,1994.0,2024.0,1998.0,2007.0,31.0
HAY RIVER A,NORTHWEST TERRITORIES,2202400,1664,71935.0,YHY,60.84,-115.78,605023000,-1154658000,164.9,1943,2014,1953.0,2014.0,1943.0,2014.0,1943.0,2014.0,62.0
INNER WHALEBACKS,NORTHWEST TERRITORIES,2202560,10209,71162.0,WBJ,61.92,-113.73,615513030,-1134335040,165.2,1994,2024,1994.0,2024.0,1994.0,2024.0,1998.0,2007.0,31.0
INUVIK A,NORTHWEST TERRITORIES,2202570,1669,,YEV,68.3,-133.48,681815000,-1332858000,67.7,1957,2013,1958.0,2013.0,1957.0,2006.0,1957.0,2006.0,56.0
WHATI,NORTHWEST TERRITORIES,2202678,1674,71163.0,WMT,63.13,-117.24,630801070,-1171441050,271.3,1974,2024,1994.0,2024.0,1974.0,2024.0,1974.0,2007.0,31.0
NORMAN WELLS A,NORTHWEST TERRITORIES,2202800,1680,,,65.28,-126.8,651657000,-1264801000,72.54,1943,2012,1953.0,2012.0,1943.0,2012.0,1943.0,2012.0,60.0
PAULATUK,NORTHWEST TERRITORIES,2203058,26986,71984.0,ZPK,69.36,-124.08,692128004,-1240457005,6.3,1994,2024,1994.0,2024.0,1994.0,2024.0,2000.0,2007.0,31.0
PELLY ISLAND,NORTHWEST TERRITORIES,2203095,10091,71502.0,WND,69.63,-135.44,693757000,-1352638000,17.0,1993,2024,1994.0,2024.0,1993.0,2024.0,2006.0,2006.0,31.0
RABBIT KETTLE,NORTHWEST TERRITORIES,2203342,26895,71980.0,WQF,61.96,-127.21,615747000,-1271233000,618.0,1995,2024,1995.0,2024.0,1995.0,2024.0,1998.0,2007.0,30.0
GAMETI,NORTHWEST TERRITORIES,2203359,10926,71165.0,WYH,64.11,-117.33,640642078,-1171940086,221.0,1994,2024,1994.0,2024.0,1994.0,2024.0,2005.0,2006.0,31.0
TUKTOYAKTUK A,NORTHWEST TERRITORIES,2203912,1700,,YUB,69.43,-133.03,692600000,-1330135000,4.27,1970,2015,1970.0,2015.0,1970.0,2015.0,1970.0,2007.0,46.0
TUKTOYAKTUK,NORTHWEST TERRITORIES,2203914,26987,71985.0,ZUB,69.43,-133.02,692600000,-1330100000,4.6,1994,2024,1994.0,2024.0,1995.0,2024.0,1999.0,2006.0,31.0
WRIGLEY A,NORTHWEST TERRITORIES,2204000,1705,,YWY,63.21,-123.44,631234000,-1232612000,149.7,1943,2015,1957.0,2015.0,1943.0,2015.0,1943.0,2007.0,59.0
YELLOWKNIFE A,NORTHWEST TERRITORIES,2204100,1706,71936.0,YZF,62.46,-114.44,622746000,-1142625000,205.7,1942,2013,1953.0,2013.0,1942.0,2013.0,1942.0,2007.0,61.0
YOHIN,NORTHWEST TERRITORIES,2204300,1635,71020.0,XYH,61.24,-123.74,611431000,-1234430000,204.0,1957,2024,1973.0,2024.0,1957.0,2024.0,1957.0,2007.0,52.0
LIVERPOOL BAY,NORTHWEST TERRITORIES,220B68C,10823,71960.0,WLI,69.6,-130.91,693615000,-1305438000,101.9,1992,2023,1994.0,2023.0,1992.0,2023.0,2005.0,2007.0,30.0
LITTLE CHICAGO,NORTHWEST TERRITORIES,220B6Q3,10760,71164.0,WLG,67.18,-130.23,671045000,-1301341000,62.5,1993,2024,1994.0,2024.0,1993.0,2024.0,2005.0,2007.0,31.0
SAMBAA K'E,NORTHWEST TERRITORIES,220CQHR,10880,71166.0,WTE,60.44,-121.24,602627000,-1211420000,498.0,1994,2024,1994.0,2024.0,1994.0,2024.0,2006.0,2007.0,31.0
LOWER CARP LAKE,NORTHWEST TERRITORIES,220N004,27610,71680.0,XLC,63.6,-113.86,633610080,-1135145040,373.4,1992,2024,1992.0,2024.0,1998.0,2024.0,1998.0,2006.0,33.0
BAKER LAKE A,NUNAVUT,2300500,1709,71926.0,YBK,64.3,-96.08,641756000,-960440000,18.6,1946,2013,1953.0,2013.0,1946.0,2013.0,1946.0,2013.0,61.0
CLINTON POINT,NUNAVUT,2300750,1637,71053.0,WXK,69.58,-120.8,693500000,-1204800000,100.6,1957,1993,1958.0,1993.0,1957.0,1993.0,1957.0,1993.0,36.0
KUGLUKTUK A,NUNAVUT,2300902,1641,71938.0,YCO,67.82,-115.14,674900000,-1150838000,22.6,1977,2014,1978.0,2014.0,1977.0,2014.0,1977.0,2014.0,37.0
CORAL HARBOUR A,NUNAVUT,2301000,1713,71915.0,YZS,64.19,-83.36,641136000,-832134000,62.2,1933,2015,1953.0,2015.0,1933.0,2015.0,1933.0,2015.0,63.0
ENNADAI LAKE (AUT),NUNAVUT,2301102,7341,71923.0,WJC,61.13,-100.88,610755000,-1005302000,353.1,1994,2024,1994.0,2024.0,1994.0,2024.0,1998.0,2007.0,31.0
GJOA HAVEN A,NUNAVUT,2302335,1715,,YHK,68.64,-95.85,683808000,-955101000,46.9,1984,2014,1984.0,2013.0,1984.0,2014.0,1984.0,2007.0,30.0
HAT ISLAND,NUNAVUT,2302370,1716,71084.0,WIL,68.32,-100.09,681905000,-1000513000,36.1,1959,2023,1994.0,2023.0,1959.0,2023.0,1959.0,2007.0,30.0
PELLY BAY,NUNAVUT,2303090,1718,,WKE,68.43,-89.72,682600000,-894300000,325.8,1955,1992,1955.0,1992.0,1957.0,1992.0,1957.0,1992.0,38.0
KUGAARUK A,NUNAVUT,2303092,1719,,YBB,68.54,-89.8,683226000,-894750000,15.54,1984,2015,1984.0,2015.0,1984.0,2012.0,1984.0,2007.0,32.0
PELLY BAY,NUNAVUT,2303093,10847,71918.0,WRF,68.44,-89.73,682613000,-894333000,324.45,1994,2023,1994.0,2023.0,1994.0,2023.0,2005.0,2007.0,30.0
RANKIN INLET A,NUNAVUT,2303401,1721,71083.0,YRT,62.82,-92.12,624900000,-920700000,32.31,1981,2013,1981.0,2013.0,1981.0,2013.0,1981.0,2013.0,33.0
ROBERTSON LAKE (AUT),NUNAVUT,2303610,7337,71490.0,WTD,65.1,-102.43,650559000,-1022546000,243.7,1992,2024,1992.0,2024.0,1994.0,2024.0,1998.0,2007.0,33.0
SHEPHERD BAY A,NUNAVUT,2303685,1723,71911.0,YUS,68.82,-93.43,684900000,-932600000,42.7,1957,2023,1973.0,2023.0,1957.0,2023.0,1957.0,2006.0,51.0
WHALE COVE A,NUNAVUT,2303986,1727,,YXN,62.24,-92.6,621424000,-923553000,12.19,1984,2014,1984.0,2013.0,1985.0,2014.0,1985.0,2007.0,30.0
ALERT,NUNAVUT,2400300,1731,,WLT,82.52,-62.28,823104000,-621650000,30.48,1950,2006,1953.0,2006.0,1950.0,2006.0,1950.0,2006.0,54.0
ALERT A,NUNAVUT,2400302,7559,,YLT,82.52,-62.28,823100000,-621700000,30.5,1988,2024,1988.0,2024.0,,,,,37.0
BREVOORT ISLAND,NUNAVUT,2400565,1735,71097.0,WOB,63.34,-64.15,632023000,-640845000,376.0,1959,2023,1960.0,2023.0,1959.0,2023.0,1959.0,2007.0,64.0
BROUGHTON ISLAND,NUNAVUT,2400570,1736,71096.0,WVD,67.54,-63.79,673208000,-634720000,584.4,1956,2023,1956.0,2023.0,1957.0,2023.0,1957.0,2007.0,68.0
BYRON BAY A,NUNAVUT,2400595,1785,71929.0,YUK,68.75,-109.07,684500000,-1090400000,92.1,1955,1994,1955.0,1994.0,1957.0,1993.0,1957.0,1993.0,40.0
CAMBRIDGE BAY A,NUNAVUT,2400600,1786,71925.0,YCB,69.11,-105.14,690629000,-1050818000,31.09,1929,2015,1953.0,2015.0,1929.0,2015.0,1929.0,2015.0,63.0
CAPE DORSET A,NUNAVUT,2400635,1738,71910.0,YTE,64.23,-76.53,641349000,-763130000,48.2,1963,2014,1970.0,2012.0,1963.0,2014.0,1963.0,2007.0,43.0
CAPE DYER,NUNAVUT,2400650,1739,71094.0,WFD,66.65,-61.38,663900000,-612300000,725.1,1955,2023,1955.0,2023.0,1958.0,2023.0,1958.0,1959.0,69.0
CAPE DYER A,NUNAVUT,2400654,1740,,,66.58,-61.62,663500000,-613700000,392.6,1959,1994,1959.0,1994.0,1959.0,1993.0,1959.0,1993.0,36.0
CAPE HOOPER,NUNAVUT,2400660,1742,71093.0,WUP,68.47,-66.8,682821000,-664755000,390.1,1956,2022,1956.0,2022.0,1957.0,2022.0,1957.0,2007.0,67.0
CAPE PEEL WEST,NUNAVUT,2400697,10828,71064.0,WPX,69.04,-107.82,690209000,-1074923000,165.3,1993,2023,1994.0,2023.0,1993.0,2023.0,,,30.0
CLYDE A,NUNAVUT,2400800,1743,71090.0,YCY,70.49,-68.52,702910000,-683100000,26.5,1933,2013,1953.0,2013.0,1933.0,2008.0,1933.0,2007.0,61.0
DEWAR LAKES,NUNAVUT,2401030,1746,71092.0,WUW,68.65,-71.17,683900000,-711000000,526.7,1956,2023,1956.0,2023.0,1958.0,2023.0,1958.0,2007.0,68.0
EUREKA A,NUNAVUT,2401200,1750,71917.0,WEU,79.98,-85.93,795900000,-855600000,10.4,1947,2016,1953.0,2016.0,1947.0,2016.0,1947.0,2016.0,64.0
GLADMAN POINT A,NUNAVUT,2402340,1752,,,68.67,-97.8,684000000,-974800000,14.0,1955,1992,1955.0,1992.0,1957.0,1992.0,1957.0,1992.0,38.0
GRISE FIORD,NUNAVUT,2402346,1754,,WGZ,76.42,-82.9,762500000,-825400000,42.67,1984,2015,1984.0,2015.0,1984.0,2015.0,1984.0,2007.0,32.0
HALL BEACH A,NUNAVUT,2402350,1755,71081.0,YUX,68.78,-81.24,684633000,-811433000,9.1,1956,2014,1956.0,2012.0,1957.0,2014.0,1957.0,2007.0,57.0
IGLOOLIK A,NUNAVUT,2402543,1757,,YGT,69.37,-81.82,692200000,-814900000,52.74,1984,2015,1984.0,2015.0,1984.0,2015.0,1984.0,2007.0,32.0
IQALUIT A,NUNAVUT,2402590,1758,71909.0,YFB,63.75,-68.55,634500000,-683300000,33.5,1946,2014,1953.0,2014.0,1946.0,2008.0,1946.0,2007.0,62.0
ISACHSEN (AUT),NUNAVUT,2402604,10253,71074.0,WIC,78.79,-103.55,784732004,-1033316008,58.0,1994,2024,1994.0,2024.0,1995.0,2024.0,2003.0,2007.0,31.0
LONGSTAFF BLUFF,NUNAVUT,2402684,1764,71091.0,WLX,68.9,-75.14,685355000,-750827000,160.8,1955,2023,1955.0,2023.0,1957.0,2023.0,1958.0,2007.0,69.0
MACKAR INLET,NUNAVUT,2402686,1765,71080.0,WUU,68.3,-85.67,681800000,-854000000,394.7,1956,1992,1956.0,1992.0,1957.0,1992.0,1957.0,1992.0,37.0
NANISIVIK A,NUNAVUT,2402730,1769,,YSR,72.98,-84.62,725900000,-843700000,641.9,1976,2011,1977.0,2011.0,1976.0,2010.0,1976.0,2007.0,35.0
PANGNIRTUNG,NUNAVUT,2403049,10721,71826.0,WXP,66.14,-65.71,660836300,-654240500,22.6,1994,2024,1994.0,2024.0,1995.0,2024.0,1996.0,2007.0,31.0
POND INLET A,NUNAVUT,2403201,1774,71095.0,YIO,72.69,-77.97,724122000,-775808000,61.6,1975,2014,1975.0,2013.0,1975.0,2014.0,1975.0,2007.0,39.0
REA POINT,NUNAVUT,2403450,1793,71983.0,ZRP,75.38,-105.72,752236009,-1054254002,15.0,1969,2024,1969.0,2024.0,1969.0,2024.0,1969.0,2007.0,56.0
REPULSE BAY A,NUNAVUT,2403490,1775,,YUT,66.52,-86.22,663117000,-861329000,22.9,1973,2014,1984.0,2013.0,1973.0,2014.0,1973.0,2007.0,30.0
RESOLUTE CARS,NUNAVUT,2403500,1776,71924.0,YRB,74.72,-94.97,744301000,-945810000,67.68,1947,2014,1953.0,2014.0,1947.0,2014.0,1947.0,2014.0,62.0
RESOLUTION ISLAND,NUNAVUT,2403602,1778,71972.0,WRH,61.58,-64.65,613500000,-643900000,368.5,1962,2022,1962.0,2022.0,1962.0,2022.0,1962.0,1975.0,61.0
ROWLEY ISLAND,NUNAVUT,2403625,1779,71088.0,WRX,69.08,-79.03,690500000,-790200000,41.0,1957,2023,1994.0,2023.0,1957.0,2023.0,1958.0,2007.0,30.0
TALOYOAK A,NUNAVUT,2403854,1783,71580.0,YYH,69.55,-93.58,693300000,-933500000,27.4,1984,2015,1984.0,2015.0,1984.0,2015.0,1984.0,2015.0,32.0
MOULD BAY A,NORTHWEST TERRITORIES,2502700,1792,,YMD,76.23,-119.33,761400000,-1192000000,12.2,1948,1997,1953.0,1997.0,1948.0,1997.0,1948.0,1997.0,45.0
SACHS HARBOUR CLIMATE,NORTHWEST TERRITORIES,2503648,10076,71467.0,WSY,71.99,-125.25,715933000,-1251515000,87.5,1994,2024,1994.0,2024.0,1994.0,2024.0,2004.0,2007.0,31.0
SACHS HARBOUR A,NORTHWEST TERRITORIES,2503650,1794,,YSY,72.0,-125.27,720000000,-1251600000,86.25,1955,2015,1955.0,2015.0,1955.0,2013.0,1955.0,2007.0,61.0
ABEE AGDM,ALBERTA,3010010,32232,71285.0,XAF,54.28,-112.97,541700000,-1125800000,664.0,1990,2024,1990.0,2024.0,2002.0,2024.0,2002.0,2007.0,35.0
BODO AGDM,ALBERTA,3010730,32149,71214.0,XBA,52.12,-110.1,520727005,-1100605009,687.0,1995,2024,1995.0,2024.0,2002.0,2024.0,2002.0,2007.0,30.0
BRETON PLOTS,ALBERTA,3010816,10928,71233.0,WOV,53.09,-114.44,530522000,-1142627000,851.5,1995,2024,1995.0,2024.0,2001.0,2024.0,2001.0,2007.0,30.0
CAMROSE,ALBERTA,3011240,1839,71254.0,WRV,53.05,-112.82,530300000,-1124900000,739.0,1946,2024,1994.0,2024.0,1946.0,2024.0,1946.0,2007.0,31.0
CORONATION A,ALBERTA,3011880,1854,,,52.07,-111.45,520400000,-1112700000,791.0,1944,1994,1953.0,1994.0,1944.0,1994.0,1944.0,1994.0,42.0
EDMONTON INT'L A,ALBERTA,3012205,1865,71123.0,YEG,53.32,-113.58,531900000,-1133500000,723.3,1959,2012,1961.0,2012.0,1959.0,2012.0,1959.0,2012.0,52.0
EDMONTON CITY CENTRE A,ALBERTA,3012208,1867,,,53.57,-113.52,533424000,-1133106000,670.6,1937,2005,1953.0,2005.0,1937.0,2005.0,1937.0,2005.0,53.0
EDMONTON NAMAO A,ALBERTA,3012210,1868,71121.0,YED,53.67,-113.47,534000000,-1132800000,687.9,1955,2024,1955.0,2024.0,1955.0,2009.0,1955.0,1996.0,70.0
ELK ISLAND NAT PARK,ALBERTA,3012275,1873,71238.0,WFE,53.68,-112.87,534058000,-1125205000,716.2,1981,2024,1994.0,2024.0,1981.0,2024.0,1981.0,2007.0,31.0
LLOYDMINSTER A,ALBERTA,3013961,1920,,,53.31,-110.07,531833000,-1100421000,668.43,1982,2024,1982.0,2012.0,1982.0,2024.0,1982.0,2007.0,31.0
ROCKY MTN HOUSE (AUT),ALBERTA,3015523,8712,71928.0,WRM,52.42,-114.91,522517006,-1145444003,988.2,1992,2024,1994.0,2024.0,1992.0,2024.0,1996.0,2007.0,31.0
SMOKY LAKE AGDM,ALBERTA,3016022,32456,71274.0,XSL,54.28,-112.5,541639000,-1122957000,680.0,1990,2024,1990.0,2024.0,2002.0,2024.0,2002.0,2007.0,35.0
VERMILION A,ALBERTA,3016800,1998,,,53.35,-110.83,532100000,-1105000000,618.7,1945,1982,1953.0,1982.0,1945.0,1982.0,1945.0,1982.0,30.0
VERMILION AGDM,ALBERTA,3016802,32461,71278.0,XVM,53.34,-110.88,532037700,-1105254700,623.0,1995,2024,1995.0,2024.0,2002.0,2024.0,2002.0,2007.0,30.0
VEGREVILLE,ALBERTA,3016GF0,1977,71458.0,WVI,53.51,-112.1,533019003,-1120552004,639.3,1980,2024,1994.0,2024.0,1980.0,2024.0,1980.0,2007.0,31.0
ESTHER 1,ALBERTA,301B460,10225,71240.0,WGY,51.67,-110.21,514011070,-1101222090,707.0,1993,2024,1994.0,2024.0,1993.0,2024.0,1996.0,2007.0,31.0
WAINWRIGHT CFB AIRFIELD 21,ALBERTA,301S001,26888,71118.0,ZWN,52.83,-111.1,524946006,-1110544007,686.25,1995,2024,1995.0,2024.0,1995.0,2024.0,2003.0,2007.0,30.0
DRUMHELLER EAST,ALBERTA,30221LG,10708,71237.0,WDZ,51.45,-112.68,512643000,-1124036000,678.2,1994,2024,1994.0,2024.0,1995.0,2024.0,1996.0,2007.0,31.0
LACOMBE CDA 2,ALBERTA,3023722,10906,71242.0,WQQ,52.45,-113.76,522656006,-1134521005,860.0,1993,2024,1994.0,2024.0,1993.0,2024.0,1996.0,2007.0,31.0
MORRIN AGDM,ALBERTA,3024668,32433,71257.0,XMO,51.66,-112.68,513937000,-1124030000,836.0,1991,2024,1991.0,2024.0,2002.0,2024.0,2002.0,2007.0,34.0
RED DEER A,ALBERTA,3025480,2134,71878.0,YQF,52.18,-113.89,521043000,-1135335000,904.6,1938,2014,1953.0,2014.0,1938.0,2014.0,1938.0,2007.0,62.0
THREE HILLS,ALBERTA,3026479,10907,71249.0,WHI,51.77,-113.21,514603082,-1131220095,857.0,1993,2024,1994.0,2024.0,1993.0,2024.0,1996.0,2007.0,31.0
SUNDRE A,ALBERTA,3026KNQ,10105,71248.0,WAV,51.78,-114.68,514641000,-1144057000,1114.4,1993,2024,1994.0,2024.0,1993.0,2024.0,1995.0,2007.0,31.0
BOW ISLAND,ALBERTA,3030768,10915,71231.0,WXL,49.73,-111.45,494403070,-1112701000,816.6,1993,2024,1994.0,2024.0,1993.0,2024.0,1996.0,2007.0,31.0
BROOKS,ALBERTA,3030QLP,2180,71457.0,WBO,50.56,-111.85,503319070,-1115056030,747.0,1988,2024,1994.0,2024.0,1988.0,2024.0,1988.0,2007.0,31.0
CALGARY INT'L A,ALBERTA,3031093,2205,71877.0,YYC,51.11,-114.02,510650000,-1140113000,1084.1,1881,2012,1953.0,2012.0,1881.0,2012.0,1881.0,2012.0,60.0
CARDSTON,ALBERTA,3031322,26971,71153.0,WFJ,49.2,-113.29,491202070,-1131709020,1136.0,1994,2024,1994.0,2024.0,1994.0,2024.0,1996.0,2007.0,31.0
CHAMPION AGDM,ALBERTA,3031480,32254,71217.0,XCP,50.28,-113.35,501655001,-1132101000,1006.0,1992,2024,1992.0,2024.0,2002.0,2024.0,2002.0,2007.0,33.0
CLARESHOLM,ALBERTA,3031640,2224,71234.0,WDK,50.0,-113.64,500013070,-1133819090,1009.0,1951,2024,1994.0,2024.0,1951.0,2024.0,1951.0,2007.0,31.0
COP UPPER,ALBERTA,3031875,9010,71235.0,WDU,51.08,-114.22,510434020,-1141320090,1235.0,1993,2024,1994.0,2024.0,1993.0,2024.0,1996.0,2007.0,31.0
LETHBRIDGE A,ALBERTA,3033880,2263,,YQL,49.63,-112.8,493749000,-1124759000,928.7,1938,2012,1953.0,2012.0,1938.0,2008.0,1938.0,2007.0,60.0
LETHBRIDGE CDA,ALBERTA,3033890,2265,71243.0,WQL,49.7,-112.77,494142000,-1124603000,910.0,1908,2024,1994.0,2024.0,1908.0,2024.0,1908.0,2007.0,31.0
MEDICINE HAT A,ALBERTA,3034480,2273,,YXH,50.02,-110.72,500108000,-1104315000,716.9,1883,2012,1953.0,2012.0,1883.0,2008.0,1883.0,2007.0,60.0
SUFFIELD A,ALBERTA,3036240,2312,71128.0,YSD,50.27,-111.18,501600000,-1111100000,769.6,1950,2020,1953.0,2020.0,1950.0,2008.0,1950.0,2007.0,68.0
VAUXHALL CDA CS,ALBERTA,3036682,10889,71251.0,WVO,50.05,-112.13,500300000,-1120800000,779.0,1993,2024,1994.0,2024.0,1993.0,2024.0,1996.0,2007.0,31.0
DEL BONITA AGDM,ALBERTA,3042045,32256,71224.0,XDB,49.05,-112.82,490300000,-1124900000,1310.0,1992,2024,1992.0,2024.0,2002.0,2024.0,2002.0,2007.0,33.0
MILK RIVER,ALBERTA,3044533,8804,71244.0,WRY,49.13,-112.05,490800000,-1120300000,1050.0,1994,2024,1994.0,2024.0,1994.0,2024.0,1996.0,2007.0,31.0
ONEFOUR CDA,ALBERTA,3044923,10725,71116.0,WOE,49.12,-110.47,490700000,-1102800000,935.0,1994,2024,1994.0,2024.0,1994.0,2024.0,1996.0,2007.0,31.0
BOW VALLEY,ALBERTA,3050778,10222,71232.0,WXA,51.08,-115.07,510500000,-1150400000,1297.5,1993,2024,1994.0,2024.0,1993.0,2024.0,1996.0,2007.0,31.0
CROWSNEST,ALBERTA,3051R4R,10890,71236.0,WRT,49.63,-114.48,493739090,-1142855020,1303.0,1993,2024,1994.0,2024.0,1993.0,2024.0,1996.0,2007.0,31.0
JASPER WARDEN,ALBERTA,3053536,10223,71486.0,WJW,52.93,-118.03,525535000,-1180147000,1020.0,1994,2024,1994.0,2024.0,1994.0,2024.0,1996.0,2007.0,31.0
WATERTON PARK GATE,ALBERTA,3056214,26850,71154.0,WGM,49.13,-113.81,490752080,-1134831010,1289.0,1994,2024,1994.0,2024.0,1994.0,2024.0,1996.0,2007.0,31.0
NAKISKA RIDGETOP,ALBERTA,305MGFF,10104,71245.0,WNR,50.94,-115.19,505633000,-1151125000,2543.0,1994,2024,1994.0,2024.0,1994.0,2024.0,1999.0,2006.0,31.0
ATMORE AGDM,ALBERTA,3060406,32231,71287.0,XAJ,54.78,-112.83,544654000,-1124930000,574.0,1992,2024,1992.0,2024.0,2002.0,2024.0,2003.0,2007.0,33.0
DAPP AGDM,ALBERTA,3061975,31414,71340.0,XDP,54.32,-113.95,541900000,-1135700000,614.2,1990,2021,1990.0,2021.0,2001.0,2021.0,2001.0,2007.0,32.0
EDSON A,ALBERTA,3062244,2507,,,53.58,-116.47,533500000,-1162800000,927.2,1970,1999,1970.0,1999.0,1970.0,1998.0,1970.0,1998.0,30.0
FORT MCMURRAY A,ALBERTA,3062693,2519,,,56.65,-111.22,563900000,-1111300000,369.1,1944,2008,1953.0,2008.0,1944.0,2008.0,1944.0,2007.0,56.0
HENDRICKSON CREEK,ALBERTA,3063135,26870,71979.0,WPA,53.8,-118.45,534742001,-1182648005,1448.0,1995,2024,1995.0,2024.0,1995.0,2024.0,1998.0,2007.0,30.0
MILDRED LAKE,ALBERTA,3064528,10978,71255.0,WMX,57.04,-111.56,570228000,-1113332000,310.0,1993,2023,1994.0,2023.0,1993.0,2023.0,1994.0,2007.0,30.0
WHITECOURT A,ALBERTA,3067372,2632,,YZU,54.14,-115.79,540838000,-1154712000,782.4,1978,2019,1978.0,2014.0,1978.0,2019.0,1978.0,2007.0,37.0
WILLOW CREEK 1,ALBERTA,306GE70,10930,71252.0,WWO,53.39,-118.35,532308000,-1182051000,1370.0,1993,2024,1994.0,2024.0,1993.0,2024.0,1996.0,2007.0,31.0
EGG ISLAND,ALBERTA,3072246,31027,71404.0,XEL,58.98,-110.44,585853070,-1102622062,214.9,1993,2024,1993.0,2024.0,2001.0,2024.0,2005.0,2007.0,32.0
FORT CHIPEWYAN A,ALBERTA,3072658,2704,,,58.77,-111.12,584600000,-1110700000,232.0,1967,2007,1967.0,2006.0,1967.0,2007.0,1967.0,2007.0,40.0
GRANDE PRAIRIE A,ALBERTA,3072920,2718,71940.0,YQU,55.18,-118.89,551047000,-1185306000,669.0,1942,2013,1953.0,2013.0,1942.0,2013.0,1942.0,2007.0,61.0
HIGH LEVEL A,ALBERTA,3073146,2726,,YOJ,58.62,-117.16,583717000,-1170953000,338.02,1970,2022,1970.0,2012.0,1970.0,2022.0,1970.0,2007.0,43.0
CLEARDALE AGDM,ALBERTA,3074935,32255,71221.0,XCD,56.31,-119.75,561852009,-1194442000,630.0,1990,2024,1990.0,2024.0,2003.0,2024.0,2003.0,2007.0,35.0
PEACE RIVER A,ALBERTA,3075040,2770,71068.0,YPE,56.23,-117.45,561337000,-1172650000,570.9,1944,2014,1955.0,2014.0,1944.0,2014.0,1944.0,2007.0,60.0
PEORIA AGDM,ALBERTA,3075160,31468,71348.0,XPA,55.62,-118.29,553716005,-1181735001,621.21,1994,2024,1994.0,2024.0,2002.0,2024.0,2002.0,2007.0,31.0
RED EARTH,ALBERTA,3075488,10183,71246.0,WRD,56.55,-115.28,563307070,-1151640040,546.0,1994,2024,1994.0,2024.0,1994.0,2024.0,1996.0,2007.0,31.0
GARDEN RIVER,ALBERTA,307KPFP,10932,71253.0,WGF,58.71,-113.87,584239000,-1135159300,240.8,1993,2024,1994.0,2024.0,1993.0,2024.0,1996.0,2007.0,31.0
COLD LAKE A,ALBERTA,3081680,2832,71120.0,YOD,54.42,-110.28,542500000,-1101700000,541.0,1952,2024,1954.0,2024.0,1952.0,2024.0,1953.0,2017.0,71.0
BROADVIEW,SASKATCHEWAN,4010879,2855,71861.0,WIK,50.37,-102.57,502205000,-1023415000,599.8,1965,2024,1965.0,2024.0,1965.0,2024.0,1965.0,2007.0,60.0
ESTEVAN A,SASKATCHEWAN,4012400,2896,,,49.22,-102.97,491300000,-1025800000,580.3,1944,2015,1953.0,2015.0,1944.0,2015.0,1944.0,2015.0,63.0
INDIAN HEAD CDA,SASKATCHEWAN,4013480,2925,71515.0,WBD,50.55,-103.65,503300000,-1033900000,579.1,1885,2024,1995.0,2024.0,1885.0,2024.0,1885.0,2007.0,30.0
MOOSE JAW A,SASKATCHEWAN,4015320,2967,71864.0,YMJ,50.33,-105.57,502000000,-1053400000,576.7,1943,2024,1954.0,2024.0,1943.0,1999.0,1943.0,1998.0,71.0
REGINA INT'L A,SASKATCHEWAN,4016560,3002,71863.0,YQR,50.43,-104.67,502600000,-1044000000,577.6,1883,2013,1953.0,2013.0,1883.0,2013.0,1883.0,2007.0,61.0
WATROUS EAST,SASKATCHEWAN,4018642,10785,71511.0,WIW,51.67,-105.4,514000000,-1052400000,525.6,1992,2024,1994.0,2024.0,1992.0,2024.0,1996.0,2007.0,31.0
YORKTON A,SASKATCHEWAN,4019080,3062,71138.0,YQV,51.27,-102.47,511600000,-1022800000,498.3,1941,2005,1953.0,2005.0,1941.0,2005.0,1941.0,2005.0,53.0
WYNYARD (AUT),SASKATCHEWAN,40190LN,10660,71865.0,WOY,51.77,-104.2,514600000,-1041200000,560.1,1992,2024,1994.0,2024.0,1992.0,2024.0,1999.0,2007.0,31.0
WEYBURN,SASKATCHEWAN,401HP5R,10666,71452.0,WWF,49.7,-103.8,494200000,-1034800000,588.6,1992,2024,1994.0,2024.0,1992.0,2024.0,1996.0,2007.0,31.0
ASSINIBOIA AIRPORT,SASKATCHEWAN,4020286,10805,71487.0,WJI,49.73,-105.95,494345090,-1055646010,725.5,1992,2024,1994.0,2024.0,1992.0,2024.0,1996.0,2007.0,31.0
ELBOW CS,SASKATCHEWAN,4022359,3088,71450.0,WOK,51.13,-106.58,510800000,-1063500000,595.0,1972,2024,1994.0,2024.0,1973.0,2024.0,1972.0,2007.0,31.0
LUCKY LAKE,SASKATCHEWAN,4024714,10724,71455.0,WLE,50.95,-107.15,505700000,-1070900000,664.7,1992,2024,1994.0,2024.0,1992.0,2024.0,1996.0,2007.0,31.0
MAPLE CREEK,SASKATCHEWAN,4024919,10667,71453.0,WMQ,49.9,-109.47,495409050,-1092758060,766.7,1992,2024,1994.0,2024.0,1992.0,2024.0,1996.0,2007.0,31.0
SWIFT CURRENT A,SASKATCHEWAN,4028040,3155,71870.0,YYN,50.3,-107.68,501800000,-1074100000,816.86,1938,2011,1953.0,2011.0,1938.0,2011.0,1938.0,2007.0,59.0
SWIFT CURRENT CDA,SASKATCHEWAN,4028060,3157,71446.0,WVC,50.27,-107.73,501600000,-1074400000,825.0,1959,2024,1994.0,2024.0,1959.0,2024.0,1959.0,2007.0,31.0
LEADER AIRPORT,SASKATCHEWAN,402DAF0,10795,71459.0,WJX,50.91,-109.5,505434070,-1093005010,675.5,1992,2024,1994.0,2024.0,1992.0,2024.0,1996.0,2007.0,31.0
CORONACH SPC,SASKATCHEWAN,40318MN,3172,71516.0,WAQ,49.05,-105.48,490300000,-1052900000,756.0,1980,2024,1995.0,2024.0,1980.0,2024.0,1980.0,2007.0,30.0
CYPRESS HILLS PARK,SASKATCHEWAN,4031999,10888,71139.0,WVP,49.64,-109.51,493826009,-1093052004,1270.6,1992,2024,1994.0,2024.0,1992.0,2024.0,1996.0,2007.0,31.0
EASTEND CYPRESS (AUT),SASKATCHEWAN,4032322,7485,71131.0,WEH,49.44,-108.99,492616010,-1085919050,1079.6,1992,2024,1994.0,2024.0,1992.0,2024.0,1997.0,2007.0,31.0
ROCKGLEN (AUT),SASKATCHEWAN,4036844,3193,71135.0,WKO,49.17,-105.98,491004040,-1055845060,917.0,1970,2024,1970.0,2024.0,1970.0,2024.0,1971.0,2007.0,55.0
VAL MARIE SOUTHEAST,SASKATCHEWAN,4038412,10821,71137.0,WVN,49.06,-107.59,490330001,-1073509010,796.0,1992,2024,1994.0,2024.0,1992.0,2024.0,1996.0,2007.0,31.0
KINDERSLEY A,SASKATCHEWAN,4043900,3231,71129.0,YKY,51.52,-109.18,513100000,-1091100000,693.72,1984,2013,1984.0,2013.0,1984.0,2013.0,1984.0,2013.0,30.0
NORTH BATTLEFORD A,SASKATCHEWAN,4045600,3244,71876.0,YQW,52.77,-108.26,524619004,-1081520007,548.33,1942,2005,1953.0,2005.0,1942.0,2005.0,1942.0,2005.0,53.0
ROSETOWN EAST,SASKATCHEWAN,4046884,10784,71510.0,WRJ,51.57,-107.92,513400000,-1075500000,586.0,1992,2024,1994.0,2024.0,1992.0,2024.0,1996.0,2007.0,31.0
MELFORT,SASKATCHEWAN,4055079,10727,71456.0,WFF,52.82,-104.6,524900000,-1043600000,490.0,1992,2024,1994.0,2024.0,1992.0,2024.0,1996.0,2007.0,31.0
PRINCE ALBERT A,SASKATCHEWAN,4056240,3322,71869.0,YPA,53.22,-105.67,531300000,-1054000000,428.2,1942,2013,1953.0,2013.0,1942.0,2013.0,1942.0,2007.0,61.0
SASKATOON DIEFENBAKER INT'L A,SASKATCHEWAN,4057120,3328,71866.0,YXE,52.17,-106.72,521000000,-1064300000,504.1,1892,2012,1953.0,2012.0,1892.0,2012.0,1892.0,2007.0,60.0
BUFFALO NARROWS A,SASKATCHEWAN,4060982,3357,71077.0,YVT,55.83,-108.43,555000000,-1082600000,433.73,1979,2012,1979.0,2012.0,1979.0,2012.0,1979.0,2007.0,34.0
BUFFALO NARROWS (AUT),SASKATCHEWAN,4060983,7534,71077.0,WVT,55.84,-108.42,555026008,-1082514009,440.1,1992,2024,1994.0,2024.0,1992.0,2024.0,1998.0,2007.0,31.0
LA RONGE A,SASKATCHEWAN,4064150,3381,71922.0,YVC,55.15,-105.27,550900000,-1051600000,379.2,1959,2013,1959.0,2013.0,1959.0,2013.0,1959.0,2008.0,55.0
MEADOW LAKE A,SASKATCHEWAN,4065058,3386,71125.0,YLJ,54.13,-108.52,540800000,-1083100000,480.67,1977,2013,1977.0,2013.0,1977.0,2013.0,1977.0,2008.0,37.0
SOUTHEND,SASKATCHEWAN,4067655,10242,71451.0,WJH,56.33,-103.28,562000000,-1031700000,344.1,1992,2024,1994.0,2024.0,1992.0,2024.0,1996.0,2007.0,31.0
SPIRITWOOD WEST,SASKATCHEWAN,4067723,10850,71133.0,WSR,53.37,-107.55,532200000,-1073300000,584.3,1992,2024,1994.0,2024.0,1992.0,2024.0,1996.0,2007.0,31.0
WASKESIU LAKE,SASKATCHEWAN,4068559,10688,71454.0,WLV,53.92,-106.07,535500000,-1060400000,569.4,1992,2024,1994.0,2024.0,1992.0,2024.0,1996.0,2007.0,31.0
MEADOW LAKE,SASKATCHEWAN,406N0NM,10198,71970.0,WLJ,54.13,-108.52,540800000,-1083100000,481.0,1994,2024,1994.0,2024.0,1996.0,2024.0,1996.0,2007.0,31.0
URANIUM CITY (AUT),SASKATCHEWAN,406QLD0,9831,71076.0,WDC,59.57,-108.48,593400000,-1082900000,318.2,1992,2024,1994.0,2024.0,1992.0,2024.0,1998.0,2007.0,31.0
NIPAWIN A,SASKATCHEWAN,4075518,3420,,,53.33,-104.0,532000000,-1040000000,371.9,1973,2005,1973.0,2005.0,1973.0,2005.0,1973.0,2005.0,33.0
NIPAWIN,SASKATCHEWAN,407N51G,10195,71312.0,WBU,53.33,-104.0,532000000,-1040000000,371.9,1994,2024,1994.0,2024.0,1996.0,2024.0,1997.0,2007.0,31.0
BRANDON A,MANITOBA,5010480,3471,71140.0,YBR,49.91,-99.95,495436000,-995707000,409.4,1941,2012,1958.0,2012.0,1941.0,2012.0,1941.0,2012.0,55.0
CARBERRY CS,MANITOBA,5010547,27741,71170.0,WZE,49.91,-99.36,495420900,-992126800,383.5,1994,2024,1994.0,2024.0,1994.0,2024.0,1996.0,2007.0,31.0
PORTAGE SOUTHPORT A,MANITOBA,5012320,3518,,YPG,49.9,-98.27,495400000,-981600000,269.7,1941,2024,1953.0,2024.0,1941.0,1992.0,1941.0,1992.0,72.0
PORTAGE SOUTHPORT,MANITOBA,5012324,10884,71851.0,WPG,49.9,-98.28,495411300,-981702900,272.7,1992,2024,1994.0,2024.0,1992.0,2024.0,1996.0,2007.0,31.0
RIVERS A,MANITOBA,5012440,3527,,,50.02,-100.32,500100000,-1001900000,473.4,1938,1983,1953.0,1983.0,1938.0,1970.0,1938.0,1970.0,31.0
SHOAL LAKE CS,MANITOBA,5012654,10927,71150.0,WUT,50.45,-100.6,502717600,-1003612600,561.3,1993,2024,1994.0,2024.0,1993.0,2024.0,1996.0,2007.0,31.0
SHILO,MANITOBA,5012672,3539,71853.0,WLO,49.78,-99.64,494658000,-993835000,375.2,1954,1999,1954.0,1999.0,1954.0,1970.0,1954.0,1970.0,46.0
WASAGAMING,MANITOBA,5013117,3562,71444.0,WWP,50.66,-99.94,503918006,-995631008,627.4,1966,2024,1994.0,2024.0,1966.0,2024.0,1966.0,2007.0,31.0
MELITA,MANITOBA,501A7AR,10185,71447.0,WEI,49.28,-100.99,491652600,-1005910900,445.9,1992,2024,1994.0,2024.0,1992.0,2024.0,1996.0,2007.0,31.0
GRETNA (AUT),MANITOBA,5021220,3605,71441.0,WGN,49.03,-97.56,490151004,-973336003,252.6,1885,2024,1994.0,2024.0,1885.0,2024.0,1885.0,2007.0,31.0
PILOT MOUND (AUT),MANITOBA,5022125,3649,71148.0,WPO,49.19,-98.9,491127700,-985417500,470.3,1957,2024,1957.0,2024.0,1957.0,2024.0,1957.0,2007.0,68.0
SPRAGUE,MANITOBA,5022759,10196,71449.0,WSU,49.02,-95.6,490125000,-953554009,328.8,1992,2024,1994.0,2024.0,1992.0,2024.0,1996.0,2007.0,31.0
WINNIPEG RICHARDSON INT'L A,MANITOBA,5023222,3698,71852.0,YWG,49.92,-97.23,495500000,-971400000,238.7,1938,2013,1953.0,2013.0,1938.0,2008.0,1938.0,2007.0,61.0
CARMAN U OF M CS,MANITOBA,502I001,26857,71147.0,WNK,49.5,-98.03,492953200,-980147100,268.2,1995,2024,1995.0,2024.0,1995.0,2024.0,1996.0,2007.0,30.0
BERENS RIVER CS,MANITOBA,5030203,3721,71158.0,WCF,52.36,-97.02,522135052,-970119032,221.9,1985,2024,1985.0,2024.0,1985.0,2024.0,1985.0,2007.0,40.0
GEORGE ISLAND (AUT),MANITOBA,5030984,7333,71445.0,WWS,52.82,-97.62,524907014,-973659028,222.5,1994,2024,1994.0,2024.0,1994.0,2024.0,1998.0,2007.0,31.0
FISHER BRANCH (AUT),MANITOBA,50309J6,8993,71442.0,WSZ,51.08,-97.55,510500100,-973316200,253.0,1992,2024,1994.0,2024.0,1992.0,2024.0,1999.0,2007.0,31.0
GRAND RAPIDS (AUT),MANITOBA,5031A10,7290,71858.0,WJD,53.19,-99.27,531111064,-991604098,222.5,1992,2024,1994.0,2024.0,1992.0,2024.0,1999.0,2007.0,31.0
PINAWA,MANITOBA,503B1ER,10186,71448.0,WEA,50.18,-96.06,501038020,-960353000,268.0,1992,2024,1994.0,2024.0,1992.0,2024.0,1996.0,2007.0,31.0
DAUPHIN A,MANITOBA,5040680,3780,,PDH,51.1,-100.05,510600000,-1000300000,304.5,1942,2013,1953.0,2013.0,1942.0,2010.0,1942.0,2007.0,61.0
DAUPHIN CS,MANITOBA,5040681,26866,71550.0,WZT,51.1,-100.06,510601400,-1000324800,304.5,1995,2024,1995.0,2024.0,1995.0,2024.0,2000.0,2007.0,30.0
OAKPOINT MARINE,MANITOBA,504K0NM,10881,71144.0,WOJ,50.5,-98.04,502958044,-980212030,249.6,1994,2024,1994.0,2024.0,1994.0,2024.0,1996.0,2007.0,31.0
SWAN RIVER RCS,MANITOBA,504K80K,10188,71443.0,WEQ,52.11,-101.23,520653900,-1011358500,334.8,1993,2024,1994.0,2024.0,1993.0,2024.0,1996.0,2007.0,31.0
FLIN FLON,MANITOBA,5050919,10213,71954.0,WFO,54.68,-101.68,544100000,-1014100000,303.9,1994,2024,1994.0,2024.0,1996.0,2024.0,1996.0,2007.0,31.0
FLIN FLON A,MANITOBA,5050960,3858,,YFO,54.68,-101.68,544100000,-1014100000,303.9,1954,2017,1954.0,2014.0,1968.0,2017.0,1968.0,2007.0,61.0
THE PAS A,MANITOBA,5052880,3864,71867.0,YQD,53.97,-101.1,535800000,-1010600000,270.36,1943,2014,1953.0,2014.0,1943.0,2014.0,1943.0,2014.0,62.0
CHURCHILL A,MANITOBA,5060600,3871,,YYQ,58.74,-94.07,584421000,-940359000,29.26,1943,2012,1953.0,2012.0,1943.0,2008.0,1943.0,2007.0,60.0
GILLAM,MANITOBA,5060999,10217,73087.0,WGX,56.36,-94.7,562132028,-944215024,145.3,1994,2024,1994.0,2024.0,1996.0,2024.0,1996.0,2007.0,31.0
GILLAM A,MANITOBA,5061001,3878,71912.0,YGX,56.36,-94.71,562127000,-944238000,145.1,1970,2014,1970.0,2014.0,1970.0,2014.0,1970.0,2014.0,45.0
ISLAND LAKE A,MANITOBA,5061376,3880,71145.0,YIV,53.85,-94.65,535100000,-943900000,235.6,1970,2015,1970.0,2015.0,1970.0,2015.0,1970.0,2015.0,46.0
LYNN LAKE A,MANITOBA,5061646,3887,,,56.86,-101.08,565150000,-1010434000,356.6,1959,2005,1959.0,2005.0,1968.0,2005.0,1968.0,2005.0,47.0
THOMPSON A,MANITOBA,5062922,3905,71079.0,YTH,55.8,-97.86,554812000,-975145000,224.03,1967,2014,1967.0,2014.0,1967.0,2014.0,1967.0,2007.0,48.0
NORWAY HOUSE A,MANITOBA,506B047,3868,,,53.95,-97.85,535700000,-975100000,223.7,1973,2005,1973.0,2005.0,1973.0,2005.0,1973.0,2005.0,33.0
LANSDOWNE HOUSE (AUT),ONTARIO,6014353,10244,71846.0,WLF,52.2,-87.94,521146000,-875610000,253.4,1992,2024,1994.0,2024.0,1992.0,2024.0,2000.0,2006.0,31.0
PEAWANUCK (AUT),ONTARIO,6016295,10197,71434.0,WWN,54.98,-85.43,545900000,-852600000,52.7,1994,2024,1994.0,2024.0,1994.0,2024.0,2003.0,2006.0,31.0
PICKLE LAKE (AUT),ONTARIO,6016525,3920,71835.0,WPL,51.45,-90.22,512657001,-901304007,390.8,1930,2024,1955.0,2024.0,1930.0,2024.0,1930.0,2006.0,70.0
RED LAKE A,ONTARIO,6016975,3923,71854.0,YRL,51.07,-93.79,510401000,-934735000,385.88,1930,2012,1953.0,2012.0,1930.0,2012.0,1930.0,2012.0,60.0
ATIKOKAN (AUT),ONTARIO,6020LPQ,10220,71747.0,WCH,48.76,-91.63,484540000,-913741000,389.3,1994,2024,1994.0,2024.0,2000.0,2024.0,2005.0,2006.0,31.0
DRYDEN A,ONTARIO,6032119,3953,,YHD,49.83,-92.75,495000000,-924500000,412.7,1969,2005,1969.0,2005.0,1970.0,2005.0,1970.0,2004.0,37.0
KENORA A,ONTARIO,6034075,3960,71850.0,YQK,49.79,-94.37,494725005,-942155003,409.65,1938,2013,1953.0,2013.0,1938.0,2013.0,1938.0,2013.0,61.0
ROYAL ISLAND (AUT),ONTARIO,6037201,10899,71859.0,WTX,49.47,-94.76,492807000,-944547000,329.0,1994,2024,1994.0,2024.0,2016.0,2024.0,,,31.0
SIOUX LOOKOUT A,ONTARIO,6037775,3969,,,50.12,-91.9,500700000,-915400000,383.1,1938,2013,1953.0,2013.0,1938.0,2013.0,1938.0,2013.0,61.0
ARMSTRONG (AUT),ONTARIO,6040325,3987,71841.0,WYW,50.29,-88.91,501737000,-885419000,322.5,1938,2024,1953.0,2024.0,1938.0,2024.0,1938.0,1982.0,72.0
CARIBOU ISLAND (AUT),ONTARIO,6041222,7582,71433.0,WCI,47.33,-85.83,472000000,-855000000,187.0,1993,2024,1994.0,2024.0,1993.0,2024.0,,,31.0
GERALDTON A,ONTARIO,6042716,4003,,YGQ,49.78,-86.93,494658090,-865550050,348.4,1981,2015,1981.0,2015.0,1981.0,2015.0,1981.0,2015.0,35.0
THUNDER BAY A,ONTARIO,6048261,4055,,YQT,48.37,-89.33,482210000,-891938038,199.0,1941,2012,1953.0,2012.0,1941.0,2004.0,1941.0,2004.0,60.0
UPSALA (AUT),ONTARIO,6049095,4057,71435.0,WDV,49.03,-90.47,490200000,-902800000,488.5,1972,2024,1994.0,2024.0,1973.0,2024.0,1972.0,2006.0,31.0
WELCOME ISLAND (AUT),ONTARIO,6049443,4061,71751.0,WEC,48.37,-89.12,482209000,-890710000,211.4,1967,2024,1994.0,2024.0,1967.0,2024.0,1967.0,1985.0,31.0
SAULT STE MARIE A,ONTARIO,6057592,4093,71260.0,YAM,46.48,-84.51,462900000,-843034000,192.0,1945,2012,1961.0,2012.0,1945.0,2012.0,1945.0,2012.0,52.0
WAWA A,ONTARIO,6059D09,4099,,,47.97,-84.78,475800000,-844700000,287.1,1977,2014,1977.0,2014.0,1977.0,2014.0,1977.0,2014.0,38.0
KILLARNEY (AUT),ONTARIO,605DJ25,8997,71460.0,WBE,45.97,-81.48,455800000,-812900000,196.3,1992,2023,1994.0,2023.0,1992.0,2023.0,,,30.0
SUDBURY A,ONTARIO,6068150,4132,71730.0,YSB,46.63,-80.8,463732000,-804752000,348.39,1954,2013,1954.0,2013.0,1954.0,2013.0,1954.0,2013.0,60.0
EARLTON A,ONTARIO,6072225,4145,,YXR,47.7,-79.85,474200000,-795100000,243.2,1938,2005,1953.0,2005.0,1938.0,2005.0,1938.0,2004.0,53.0
KAPUSKASING A,ONTARIO,6073975,4157,,,49.41,-82.47,492450000,-822803000,226.5,1937,2014,1953.0,2014.0,1937.0,2014.0,1937.0,2014.0,62.0
MOOSONEE UA,ONTARIO,6075425,4168,71836.0,WZC,51.27,-80.65,511600000,-803900000,10.0,1932,2023,1953.0,1995.0,1932.0,2023.0,1932.0,2006.0,43.0
NAGAGAMI (AUT),ONTARIO,6075543,7633,71832.0,WNZ,49.75,-84.16,494448600,-840949300,264.0,1993,2024,1994.0,2024.0,1993.0,2024.0,2003.0,2006.0,31.0
TIMMINS VICTOR POWER A,ONTARIO,6078285,4180,71739.0,YTS,48.57,-81.38,483411000,-812236000,294.7,1955,2012,1955.0,2012.0,1955.0,2012.0,1955.0,2011.0,58.0
NORTH BAY A,ONTARIO,6085700,4201,71731.0,YYB,46.36,-79.42,462149000,-792522000,370.3,1939,2013,1953.0,2013.0,1939.0,2013.0,1939.0,2013.0,61.0
GORE BAY A,ONTARIO,6092925,4209,,YZE,45.88,-82.57,455300000,-823400000,193.5,1947,2006,1953.0,2005.0,1947.0,2006.0,1947.0,2006.0,53.0
GRENADIER ISLAND,ONTARIO,6103024,10903,71281.0,WGH,44.42,-75.85,442500000,-755100000,82.0,1994,2024,1994.0,2024.0,1994.0,2024.0,1997.0,2006.0,31.0
KINGSTON A,ONTARIO,6104146,4295,,YGK,44.22,-76.6,441307092,-763548008,92.4,1930,2012,1967.0,2012.0,1930.0,1996.0,1930.0,1996.0,46.0
OTTAWA MACDONALD-CARTIER INT'L A,ONTARIO,6106000,4337,71628.0,YOW,45.32,-75.67,451921000,-754009000,114.0,1938,2011,1953.0,2011.0,1938.0,2011.0,1938.0,2011.0,59.0
PETAWAWA A,ONTARIO,6106398,4352,71625.0,YWA,45.95,-77.32,455700000,-771900000,130.1,1969,2024,1969.0,2024.0,1970.0,2008.0,1971.0,2006.0,56.0
COLLINGWOOD,ONTARIO,6111792,10955,71270.0,WCO,44.5,-80.22,443000000,-801300000,178.3,1994,2023,1994.0,2023.0,1994.0,2023.0,1997.0,2006.0,30.0
LAGOON CITY,ONTARIO,6114295,10911,71282.0,WGL,44.55,-79.22,443250000,-791300000,220.7,1994,2024,1994.0,2024.0,1994.0,2024.0,1997.0,2006.0,31.0
MUSKOKA A,ONTARIO,6115525,4477,71630.0,YQA,44.97,-79.3,445800000,-791800000,281.9,1934,2015,1953.0,2005.0,1934.0,2015.0,1934.0,2006.0,53.0
WIARTON A,ONTARIO,6119500,4538,71633.0,YVV,44.75,-81.11,444445000,-810626000,222.2,1947,2014,1953.0,2014.0,1947.0,2014.0,1947.0,2014.0,62.0
WESTERN ISLAND (AUT),ONTARIO,6119M51,7733,71438.0,WMZ,45.03,-80.37,450200000,-802200000,191.1,1994,2024,1994.0,2024.0,1994.0,2024.0,,,31.0
GODERICH,ONTARIO,6122847,7747,71261.0,WGD,43.77,-81.72,434600000,-814300000,213.7,1986,2024,1986.0,2024.0,1994.0,2024.0,1997.0,2006.0,39.0
SARNIA AIRPORT,ONTARIO,6127514,4589,,,42.99,-82.3,425932058,-821817088,180.6,1967,2007,1967.0,2005.0,1967.0,2007.0,1967.0,2006.0,39.0
LONG POINT (AUT),ONTARIO,6134F10,9026,71464.0,WPS,42.53,-80.05,423200000,-800300000,175.0,1994,2024,1994.0,2024.0,1994.0,2024.0,,,31.0
PORT WELLER (AUT),ONTARIO,6136699,7790,71432.0,WWZ,43.25,-79.22,431500000,-791300000,79.0,1992,2024,1993.0,2024.0,1992.0,2024.0,2003.0,2006.0,32.0
ST CATHARINES A,ONTARIO,6137287,4683,,YSN,43.2,-79.17,431200000,-791000000,97.8,1971,2012,1971.0,2012.0,1971.0,2000.0,1971.0,2000.0,42.0
WINDSOR A,ONTARIO,6139525,4716,71538.0,YQG,42.28,-82.96,421632000,-825720000,189.6,1940,2014,1953.0,2014.0,1940.0,2014.0,1940.0,2014.0,62.0
PORT COLBORNE (AUT),ONTARIO,613F606,9005,71463.0,WPC,42.87,-79.25,425200000,-791500000,183.5,1992,2024,1994.0,2024.0,1992.0,2024.0,2006.0,2006.0,31.0
ERIEAU (AUT),ONTARIO,613KLLM,9006,71465.0,WAJ,42.25,-81.9,421500413,-815400517,178.0,1992,2023,1994.0,2023.0,1992.0,2023.0,,,30.0
LONDON INT'L AIRPORT,ONTARIO,6144475,4789,71623.0,YXU,43.03,-81.15,430159000,-810904000,278.0,1940,2017,1953.0,2012.0,1940.0,2017.0,1940.0,2006.0,60.0
LONDON CS,ONTARIO,6144478,10999,71622.0,WSN,43.03,-81.15,430200000,-810900000,278.0,1994,2024,1994.0,2024.0,2002.0,2024.0,2002.0,2006.0,31.0
MOUNT FOREST (AUT),ONTARIO,6145504,7844,71631.0,WLS,43.98,-80.75,435900000,-804500000,414.5,1992,2024,1994.0,2024.0,1992.0,2024.0,2003.0,2006.0,31.0
WATERLOO WELLINGTON A,ONTARIO,6149387,4832,,,43.45,-80.38,432700000,-802300000,317.0,1966,2003,1966.0,2002.0,1970.0,2003.0,1970.0,2002.0,37.0
BURLINGTON PIERS (AUT),ONTARIO,6151061,7868,71437.0,WWB,43.3,-79.8,431800000,-794800000,77.4,1992,2024,1994.0,2024.0,1992.0,2024.0,,,31.0
COBOURG (AUT),ONTARIO,6151684,7870,71431.0,WNC,43.95,-78.17,435700000,-781000000,77.7,1992,2024,1993.0,2024.0,1992.0,2024.0,2003.0,2006.0,32.0
HAMILTON A,ONTARIO,6153194,4932,71263.0,YHM,43.17,-79.93,431018072,-795603036,237.7,1959,2011,1970.0,2011.0,1959.0,2011.0,1959.0,2011.0,42.0
POINT PETRE (AUT),ONTARIO,6156559,7925,71430.0,WQP,43.83,-77.15,435000000,-770900000,78.6,1992,2024,1993.0,2024.0,1992.0,2024.0,,,32.0
TORONTO ISLAND A,ONTARIO,6158665,5085,71265.0,,43.63,-79.4,433743000,-792342000,76.5,1957,2006,1957.0,2006.0,1957.0,2006.0,1957.0,2006.0,50.0
TORONTO LESTER B. PEARSON INT'L A,ONTARIO,6158733,5097,71624.0,YYZ,43.68,-79.63,434038000,-793750000,173.4,1937,2013,1953.0,2013.0,1937.0,2013.0,1937.0,2013.0,61.0
TRENTON A,ONTARIO,6158875,5126,71621.0,YTR,44.12,-77.53,440708000,-773141000,86.3,1935,2024,1953.0,2024.0,1935.0,2024.0,1935.0,2017.0,72.0
TORONTO BUTTONVILLE A,ONTARIO,615HMAK,4841,71639.0,YKZ,43.86,-79.37,435144000,-792212000,198.1,1986,2015,1986.0,2015.0,1986.0,2015.0,1986.0,2015.0,30.0
PETERBOROUGH A,ONTARIO,6166418,5186,,,44.23,-78.37,441400000,-782200000,191.4,1969,2007,1969.0,2005.0,1969.0,2007.0,1969.0,2006.0,37.0
BANCROFT AUTO,ONTARIO,616I001,26799,71294.0,WRK,45.07,-77.88,450417000,-775244000,330.7,1995,2024,1995.0,2024.0,1995.0,2024.0,1997.0,2006.0,30.0
ILE D'ORLEANS,QUEBEC,70132G9,8989,71424.0,WER,47.0,-70.81,465948000,-704830000,3.6,1992,2024,1994.0,2024.0,1992.0,2024.0,,,31.0
L'ASSOMPTION,QUEBEC,7014160,5237,71524.0,WEW,45.81,-73.43,454834000,-732605000,21.0,1930,2024,1994.0,2024.0,1930.0,2024.0,1930.0,1994.0,31.0
L'ETAPE,QUEBEC,7015791,10871,71382.0,WPD,47.56,-71.23,473344000,-711344000,791.2,1993,2024,1994.0,2024.0,1993.0,2024.0,2005.0,2005.0,31.0
QUEBEC/JEAN LESAGE INTL A,QUEBEC,7016294,5251,71708.0,YQB,46.8,-71.38,464800000,-712300000,74.4,1943,2017,1953.0,2013.0,1943.0,2017.0,1943.0,2012.0,61.0
TROIS-RIVIERES,QUEBEC,7018562,10764,71724.0,WTY,46.35,-72.52,462113000,-723058000,6.0,1993,2024,1994.0,2024.0,1993.0,2024.0,2005.0,2005.0,31.0
TROIS-RIVIERES,QUEBEC,7018563,8321,71729.0,GRQ,46.37,-72.68,462200000,-724100000,62.2,1963,2024,1963.0,2024.0,2004.0,2024.0,,,62.0
VALCARTIER A,QUEBEC,7018574,5293,71716.0,YOY,46.9,-71.5,465410000,-713013000,167.6,1978,2024,1978.0,2024.0,1978.0,1981.0,1978.0,1981.0,47.0
ILE AUX GRUES,QUEBEC,701LBPH,10247,,WIG,47.07,-70.53,470425000,-703159000,18.3,1994,2024,1994.0,2024.0,2018.0,2024.0,,,31.0
LAC SAINT-PIERRE,QUEBEC,701LP0N,10975,71198.0,WBS,46.18,-72.92,461100000,-725500000,16.2,1994,2024,1994.0,2024.0,1995.0,2024.0,,,31.0
FRELIGHSBURG,QUEBEC,7022579,10815,71373.0,WFQ,45.03,-72.85,450200000,-725100000,224.0,1993,2024,1994.0,2024.0,1993.0,2024.0,,,31.0
LENNOXVILLE,QUEBEC,7024280,5397,71611.0,WQH,45.37,-71.82,452208000,-714925000,181.0,1888,2024,1994.0,2024.0,1888.0,2024.0,1888.0,1995.0,31.0
MCTAVISH,QUEBEC,7024745,10761,71612.0,WTA,45.5,-73.58,453017070,-733445000,72.8,1994,2024,1994.0,2024.0,1994.0,2024.0,,,31.0
MONTREAL/PIERRE ELLIOTT TRUDEAU INTL A,QUEBEC,7025250,5415,71627.0,YUL,45.47,-73.75,452800000,-734500000,35.97,1941,2013,1953.0,2013.0,1941.0,2013.0,1941.0,2013.0,61.0
NICOLET,QUEBEC,7025442,10732,71723.0,WNQ,46.23,-72.66,461333000,-723926000,8.0,1993,2024,1994.0,2024.0,1993.0,2024.0,,,31.0
STE-CLOTILDE,QUEBEC,7027039,10762,71614.0,WIT,45.17,-73.68,451002000,-734044000,53.0,1993,2024,1994.0,2024.0,1993.0,2024.0,,,31.0
MONTREAL/ST-HUBERT A,QUEBEC,7027320,5490,71371.0,YHU,45.52,-73.42,453100000,-732500000,27.4,1928,2015,1953.0,2005.0,1928.0,2015.0,1928.0,2015.0,53.0
SHERBROOKE A,QUEBEC,7028124,5530,71610.0,YSC,45.43,-71.68,452600000,-714100000,241.4,1962,2016,1962.0,2005.0,1962.0,2016.0,1962.0,2004.0,44.0
BEAUCEVILLE,QUEBEC,7028754,26777,71323.0,WHV,46.21,-70.79,461218000,-704706000,229.2,1994,2024,1994.0,2024.0,1994.0,2024.0,,,31.0
LAC MEMPHREMAGOG,QUEBEC,702CFGG,10801,,WTT,45.27,-72.17,451600000,-721000000,208.7,1994,2024,1994.0,2024.0,2018.0,2024.0,,,31.0
STE-ANNE-DE-BELLEVUE 1,QUEBEC,702FHL8,10873,71377.0,WVQ,45.43,-73.93,452538000,-735545000,39.0,1993,2024,1994.0,2024.0,1993.0,2024.0,,,31.0
ST-ANICET 1,QUEBEC,702FQLF,10982,71712.0,WBZ,45.12,-74.29,450715000,-741722000,49.1,1994,2024,1994.0,2024.0,1994.0,2024.0,,,31.0
L'ACADIE,QUEBEC,702LED4,10843,71372.0,WIZ,45.29,-73.35,451738000,-732058000,43.8,1994,2024,1994.0,2024.0,1994.0,2024.0,,,31.0
GATINEAU A,QUEBEC,7032681,8375,,YND,45.52,-75.57,453100000,-753400000,64.3,1981,2012,1981.0,2012.0,,,,,32.0
MANIWAKI UA,QUEBEC,7034480,5607,71722.0,WMW,46.3,-76.01,461806500,-760021800,188.58,1953,2018,1953.0,1993.0,1953.0,2018.0,1953.0,1993.0,41.0
MANIWAKI AIRPORT,QUEBEC,7034482,5606,71721.0,WMJ,46.27,-75.99,461629000,-755931000,199.7,1972,2024,1994.0,2024.0,1993.0,2024.0,1972.0,2005.0,31.0
MONTREAL/MIRABEL INT'L A,QUEBEC,7035290,5616,,YMX,45.67,-74.03,454000000,-740200000,82.6,1975,2012,1975.0,2012.0,1975.0,2008.0,1975.0,2008.0,38.0
ST-JOVITE,QUEBEC,703GDKB,10868,71376.0,WJT,46.08,-74.56,460449000,-743321000,238.5,1994,2024,1994.0,2024.0,1994.0,2024.0,,,31.0
BAIE-COMEAU A,QUEBEC,7040440,5662,,,49.13,-68.2,490800000,-681200000,21.6,1947,2005,1956.0,2005.0,1947.0,2005.0,1947.0,2004.0,50.0
LOURDES DE BLANC SABLON A,QUEBEC,7040813,5669,71808.0,YBX,51.45,-57.18,512700000,-571100000,37.18,1970,2014,1970.0,2014.0,1982.0,2014.0,1982.0,2014.0,45.0
CAPE WHITTLE,QUEBEC,7041100,5672,71374.0,WQW,50.16,-60.06,500947000,-600342000,7.0,1963,2024,1994.0,2024.0,1963.0,2024.0,1963.0,1968.0,31.0
CAP-ROUGE,QUEBEC,7041166,10963,71186.0,WQM,48.37,-70.54,482227000,-703207000,7.3,1994,2024,1994.0,2024.0,1994.0,2024.0,,,31.0
CHEVERY,QUEBEC,7041382,8456,71814.0,WDM,50.47,-59.64,502754000,-593822000,7.7,1992,2024,1994.0,2024.0,1992.0,2024.0,,,31.0
CAP-TOURMENTE,QUEBEC,7041JG6,10869,71384.0,WTN,47.08,-70.78,470443000,-704651000,6.0,1993,2024,1994.0,2024.0,1993.0,2024.0,,,31.0
ILE AUX PERROQUETS,QUEBEC,7043B79,10937,71375.0,WQR,50.22,-64.21,501315000,-641226000,9.0,1994,2024,1994.0,2024.0,1994.0,2024.0,,,31.0
ILE ROUGE,QUEBEC,7043BP9,8674,71426.0,WAF,48.07,-69.56,480408000,-693320000,5.9,1993,2024,1994.0,2024.0,1993.0,2024.0,,,31.0
LONGUE-POINTE-DE-MINGAN,QUEBEC,7044328,10977,71512.0,WBT,50.27,-64.23,501617000,-641335000,11.0,1994,2024,1994.0,2024.0,1994.0,2024.0,,,31.0
NATASHQUAN A,QUEBEC,7045400,5715,,YNA,50.18,-61.82,501100000,-614900000,10.7,1914,2008,1957.0,2008.0,1914.0,2008.0,1914.0,2003.0,52.0
POINTE DE L'ISLET,QUEBEC,7046059,10966,71190.0,WQD,48.14,-69.72,480808000,-694259000,7.0,1994,2024,1994.0,2024.0,1995.0,2024.0,,,31.0
POINTE CLAVEAU,QUEBEC,704607C,10964,71189.0,WQV,48.26,-70.11,481537000,-700652000,4.0,1994,2024,1994.0,2024.0,1994.0,2024.0,,,31.0
SEPT-ILES A,QUEBEC,7047910,5742,,YZV,50.22,-66.27,501300000,-661600000,54.9,1944,2014,1953.0,2014.0,1944.0,2002.0,1944.0,2001.0,62.0
LAC EON,QUEBEC,704C64L,8404,71421.0,WEO,51.87,-63.28,515202000,-631701000,588.9,1993,2024,1994.0,2024.0,1993.0,2024.0,,,31.0
POINTE-DES-MONTS,QUEBEC,704F0PN,9029,71427.0,WTG,49.32,-67.38,491900000,-672252000,5.9,1992,2024,1994.0,2024.0,1992.0,2024.0,,,31.0
BAIE-COMEAU,QUEBEC,704S001,26889,71829.0,WFW,49.26,-68.15,491533000,-680845000,129.5,1995,2024,1995.0,2024.0,1996.0,2024.0,,,30.0
CAP-D'ESPOIR,QUEBEC,7051050,9001,71429.0,WRZ,48.42,-64.32,482510000,-641901000,15.4,1992,2024,1994.0,2024.0,1992.0,2024.0,,,31.0
CAP-MADELEINE,QUEBEC,7051163,8999,71425.0,WSF,49.25,-65.32,491503000,-651929000,29.0,1992,2024,1994.0,2024.0,1992.0,2024.0,,,31.0
GASPE A,QUEBEC,7052605,5794,71188.0,YGP,48.78,-64.48,484637000,-642841000,34.1,1965,2013,1965.0,2013.0,1968.0,2013.0,1968.0,2013.0,49.0
HEATH POINT,QUEBEC,7053038,8675,71423.0,WHP,49.09,-61.7,490507000,-614202000,7.0,1992,2023,1994.0,2023.0,1992.0,2023.0,,,30.0
ILES DE LA MADELEINE,QUEBEC,7053KGR,10763,71710.0,WGR,47.43,-61.77,472531000,-614629000,7.6,1993,2024,1993.0,2024.0,1995.0,2024.0,,,32.0
MONT-JOLI A,QUEBEC,7055120,5814,71718.0,YYY,48.6,-68.22,483600000,-681300000,52.4,1943,2013,1953.0,2013.0,1943.0,2013.0,1943.0,2005.0,61.0
NEW CARLISLE 1,QUEBEC,7055422,10898,71619.0,WOC,48.01,-65.33,480043000,-651954000,46.4,1993,2024,1994.0,2024.0,1993.0,2024.0,,,31.0
PORT-MENIER,QUEBEC,7056202,8536,71810.0,WBY,49.84,-64.29,495019000,-641736000,55.2,1992,2024,1994.0,2024.0,1992.0,2024.0,,,31.0
RIVIERE-DU-LOUP,QUEBEC,7056616,8539,71715.0,WNH,47.81,-69.55,474821000,-693255000,146.5,1992,2024,1994.0,2024.0,1992.0,2024.0,,,31.0
ILES DE LA MADELEINE A,QUEBEC,705C2G9,5748,71709.0,YGR,47.42,-61.78,472500000,-614700000,10.7,1978,2013,1978.0,2013.0,1983.0,2013.0,1983.0,2002.0,36.0
ILE BICQUETTE,QUEBEC,705LKPQ,10938,71385.0,WQO,48.42,-68.89,482456000,-685334000,7.0,1994,2024,1994.0,2024.0,1994.0,2024.0,,,31.0
BAGOTVILLE A,QUEBEC,7060400,5889,71727.0,YBG,48.33,-71.0,482000000,-710000000,159.1,1942,2024,1953.0,2024.0,1942.0,2024.0,1942.0,2017.0,72.0
BONNARD 1,QUEBEC,7060826,10874,71383.0,WKD,50.73,-71.01,504344000,-710047000,498.0,1994,2024,1994.0,2024.0,1994.0,2024.0,,,31.0
CHAMOUCHOUANE,QUEBEC,7061288,26797,71523.0,WEE,49.28,-73.36,491643000,-732120000,303.8,1994,2024,1994.0,2024.0,1994.0,2024.0,,,31.0
CHUTE-DES-PASSES,QUEBEC,7061541,5903,71522.0,WDT,49.84,-71.17,495025000,-711006000,398.2,1960,2024,1994.0,2024.0,1960.0,2024.0,1960.0,1976.0,31.0
JONQUIERE,QUEBEC,7063370,5911,71617.0,WJO,48.43,-71.14,482530012,-710833001,135.62,1963,2024,1994.0,2024.0,1963.0,2024.0,1963.0,1975.0,31.0
MISTOOK,QUEBEC,7065012,10797,71381.0,WIX,48.6,-71.72,483554000,-714257000,112.5,1994,2024,1994.0,2024.0,1994.0,2024.0,,,31.0
NORMANDIN,QUEBEC,7065639,10872,71379.0,WOD,48.84,-72.55,485030000,-723249000,137.2,1993,2024,1994.0,2024.0,1993.0,2024.0,,,31.0
ROBERVAL A,QUEBEC,7066685,5934,71728.0,YRJ,48.52,-72.27,483100000,-721600000,178.6,1957,2014,1958.0,2014.0,1957.0,2014.0,1957.0,2005.0,57.0
LAC BENOIT,QUEBEC,706I001,26778,71520.0,WDE,51.53,-71.11,513157000,-710639000,549.0,1994,2024,1994.0,2024.0,1995.0,2024.0,,,31.0
MANOUANE EST,QUEBEC,706I155,26798,71521.0,WDP,50.66,-70.53,503923000,-703155000,497.0,1994,2024,1994.0,2024.0,1994.0,2024.0,,,31.0
PARENT,QUEBEC,7075800,5966,71726.0,WPK,47.92,-74.62,475520008,-743727007,444.71,1943,2024,1953.0,2024.0,1943.0,2024.0,1943.0,1978.0,72.0
LA TUQUE,QUEBEC,707DBD4,10875,71378.0,WDQ,47.41,-72.79,472440000,-724715000,168.9,1994,2024,1994.0,2024.0,1994.0,2024.0,,,31.0
ROUYN,QUEBEC,7086716,10849,71734.0,WUY,48.25,-79.03,481445000,-790203000,318.0,1994,2024,1994.0,2024.0,1994.0,2024.0,,,31.0
ROUYN A,QUEBEC,7086720,6001,,YUY,48.22,-78.83,481300000,-785000000,301.1,1950,2012,1954.0,2012.0,1950.0,1955.0,1950.0,1961.0,59.0
CHIBOUGAMAU CHAPAIS A,QUEBEC,7091404,6029,71822.0,YMT,49.77,-74.53,494600000,-743200000,387.1,1982,2016,1982.0,2014.0,1982.0,2016.0,1982.0,1992.0,33.0
LA GRANDE RIVIERE A,QUEBEC,7093715,6047,71827.0,YGL,53.63,-77.7,533800000,-774200000,195.1,1976,2012,1976.0,2012.0,1976.0,2012.0,1976.0,2005.0,37.0
MATAGAMI,QUEBEC,7094637,10791,71821.0,GMG,49.76,-77.79,494528020,-774735060,281.03,1992,2024,1994.0,2024.0,1992.0,2024.0,,,31.0
VAL-D'OR A,QUEBEC,7098600,6081,71725.0,YVO,48.06,-77.79,480323000,-774712000,337.4,1951,2024,1955.0,2012.0,1951.0,2024.0,1951.0,2005.0,58.0
INUKJUAK UA,QUEBEC,7103282,6082,71907.0,WPH,58.47,-78.08,582800000,-780500000,24.4,1921,1996,1953.0,1995.0,1921.0,1996.0,1922.0,1994.0,43.0
KUUJJUARAPIK A,QUEBEC,7103536,6083,,YGW,55.28,-77.75,551700000,-774500000,12.2,1925,2014,1957.0,2014.0,1925.0,2014.0,1926.0,2009.0,58.0
KUUJJUAQ A,QUEBEC,7113534,6095,71906.0,YVP,58.1,-68.42,580600000,-682500000,39.93,1947,2014,1953.0,2014.0,1947.0,2014.0,1947.0,2005.0,62.0
SCHEFFERVILLE A,QUEBEC,7117825,6098,,YKL,54.8,-66.82,544800000,-664900000,521.8,1948,2010,1953.0,2010.0,1948.0,2010.0,1948.0,1993.0,58.0
SALLUIT A,QUEBEC,711GG87,10226,,YZG,62.18,-75.67,621055005,-754010001,227.08,1969,2015,1969.0,2015.0,,,,,47.0
BAS CARAQUET,NEW BRUNSWICK,8100467,6915,71598.0,WXS,47.8,-64.83,474808000,-645000000,5.0,1993,2024,1994.0,2024.0,1993.0,2024.0,1993.0,2007.0,31.0
CHARLO A,NEW BRUNSWICK,8100880,6137,,,47.98,-66.33,475900000,-662000000,40.2,1966,2003,1966.0,2003.0,1966.0,2003.0,1966.0,2002.0,38.0
MIRAMICHI RCS,NEW BRUNSWICK,8100989,10808,71744.0,ACQ,47.01,-65.47,470034000,-652754000,33.0,1994,2024,1994.0,2024.0,2005.0,2024.0,2005.0,2007.0,31.0
MIRAMICHI A,NEW BRUNSWICK,8101000,6140,,,47.01,-65.47,470034090,-652804040,32.9,1943,2005,1953.0,2005.0,1943.0,2005.0,1943.0,2005.0,53.0
FREDERICTON A,NEW BRUNSWICK,8101500,6157,,,45.87,-66.53,455219670,-663140410,20.7,1951,2012,1953.0,2010.0,1951.0,2012.0,1951.0,2008.0,58.0
GAGETOWN A,NEW BRUNSWICK,8101792,7558,71701.0,YCX,45.83,-66.43,455000000,-662600000,50.6,1976,2024,1976.0,2024.0,2011.0,2017.0,2011.0,2017.0,49.0
MISCOU ISLAND (AUT),NEW BRUNSWICK,8103050,6205,71719.0,WMI,48.01,-64.49,480032002,-642939008,4.0,1957,2024,1964.0,2024.0,1957.0,2024.0,1957.0,2007.0,61.0
MONCTON A,NEW BRUNSWICK,8103200,6207,71705.0,YQM,46.11,-64.68,460619100,-644101700,70.7,1939,2012,1953.0,2012.0,1939.0,2012.0,1939.0,2012.0,60.0
POINT LEPREAU CS,NEW BRUNSWICK,8104201,27746,71699.0,WPE,45.07,-66.45,450423040,-662657090,6.0,1992,2024,1994.0,2024.0,1992.0,2024.0,1992.0,2007.0,31.0
SAINT JOHN A,NEW BRUNSWICK,8104900,6250,71609.0,YSJ,45.32,-65.89,451905000,-655308050,108.8,1946,2012,1953.0,2012.0,1946.0,2012.0,1947.0,2008.0,60.0
ST LEONARD A,NEW BRUNSWICK,8104928,6256,71703.0,YSL,47.16,-67.83,470928050,-674955014,242.2,1985,2014,1985.0,2014.0,1985.0,2014.0,1985.0,2014.0,30.0
ST STEPHEN (AUT),NEW BRUNSWICK,8104937,7026,71607.0,WSS,45.22,-67.25,451300000,-671500000,26.1,1977,2006,1977.0,2006.0,1992.0,2006.0,2005.0,2006.0,30.0
BEAVER ISLAND (AUT),NOVA SCOTIA,8200558,10078,71403.0,WBV,44.82,-62.33,444900000,-622000000,16.0,1992,2024,1994.0,2024.0,1992.0,2024.0,,,31.0
BRIER ISLAND,NOVA SCOTIA,8200604,10859,71988.0,WVU,44.29,-66.35,441709000,-662048000,15.8,1969,2024,1969.0,2024.0,2005.0,2024.0,2005.0,2007.0,56.0
CARIBOU POINT (AUT),NOVA SCOTIA,8200774,8990,71415.0,WBK,45.77,-62.68,454600000,-624100000,2.4,1993,2024,1994.0,2024.0,1993.0,2024.0,2004.0,2007.0,31.0
GRAND ETANG,NOVA SCOTIA,8201969,10792,73030.0,WZQ,46.55,-61.05,463300000,-610300000,12.8,1994,2024,1994.0,2024.0,2005.0,2024.0,,,31.0
GREENWOOD A,NOVA SCOTIA,8202000,6354,71397.0,YZX,44.98,-64.92,445900000,-645500000,28.0,1942,2024,1953.0,2024.0,1942.0,2024.0,1942.0,2017.0,72.0
HALIFAX STANFIELD INT'L A,NOVA SCOTIA,8202250,6358,71395.0,YHZ,44.88,-63.5,445248060,-633000050,145.4,1953,2012,1961.0,2012.0,1953.0,2012.0,1953.0,2012.0,52.0
HART ISLAND (AUT),NOVA SCOTIA,8202318,7173,71419.0,WRN,45.35,-60.98,452100000,-605900000,8.2,1993,2024,1994.0,2024.0,1993.0,2024.0,,,31.0
KEJIMKUJIK 1,NOVA SCOTIA,8202592,6923,71599.0,WKG,44.4,-65.2,442411020,-651211070,125.0,1993,2024,1994.0,2024.0,1993.0,2024.0,1993.0,2007.0,31.0
NORTHEAST MARGAREE (AUT),NOVA SCOTIA,8204154,10661,73027.0,WNS,46.37,-60.98,462206090,-605833080,54.0,1994,2024,1994.0,2024.0,2017.0,2024.0,,,31.0
SABLE ISLAND,NOVA SCOTIA,8204700,6454,71600.0,ESA,43.93,-60.01,435556000,-600034000,5.0,1891,2017,1953.0,2016.0,1891.0,2017.0,1891.0,2007.0,64.0
ST PAUL ISLAND (AUT),NOVA SCOTIA,8204909,9033,71418.0,WEF,47.23,-60.14,471358002,-600840001,27.0,1993,2024,1994.0,2024.0,1993.0,2024.0,,,31.0
SHEARWATER A,NOVA SCOTIA,8205090,6465,71601.0,YAW,44.63,-63.5,443800000,-633000000,44.0,1944,2024,1953.0,2024.0,1944.0,2007.0,1944.0,2007.0,72.0
SHEARWATER JETTY,NOVA SCOTIA,8205093,10945,71330.0,WZU,44.63,-63.52,443740000,-633124000,5.5,1994,2024,1994.0,2024.0,2018.0,2024.0,,,31.0
SYDNEY A,NOVA SCOTIA,8205700,6486,71707.0,YQY,46.17,-60.05,461000000,-600253300,61.9,1941,2014,1953.0,2014.0,1941.0,2014.0,1941.0,2014.0,62.0
WESTERN HEAD,NOVA SCOTIA,8206240,6501,71411.0,WWE,43.99,-64.66,435924070,-643951008,10.06,1959,2024,1959.0,2024.0,1959.0,2024.0,1959.0,2007.0,66.0
YARMOUTH A,NOVA SCOTIA,8206500,6516,,YQI,43.83,-66.09,434951000,-660519000,43.0,1940,2012,1953.0,2012.0,1940.0,2012.0,1940.0,2012.0,60.0
CHARLOTTETOWN A,PRINCE EDWARD ISLAND,8300300,6526,71706.0,YYG,46.29,-63.13,461719020,-630743070,48.8,1943,2012,1953.0,2012.0,1943.0,2012.0,1943.0,2012.0,60.0
EAST POINT (AUT),PRINCE EDWARD ISLAND,8300418,7177,71412.0,WEP,46.46,-61.99,462736000,-615918000,7.7,1992,2024,1994.0,2024.0,1992.0,2024.0,2004.0,2007.0,31.0
NORTH CAPE,PRINCE EDWARD ISLAND,8300516,10814,71987.0,WNE,47.06,-64.0,470329000,-635955000,7.6,1994,2024,1994.0,2024.0,2002.0,2024.0,2005.0,2007.0,31.0
SUMMERSIDE,PRINCE EDWARD ISLAND,8300596,10800,71702.0,WSD,46.44,-63.84,462628000,-635017000,12.2,1994,2024,1994.0,2024.0,1999.0,2024.0,2004.0,2007.0,31.0
SUMMERSIDE A,PRINCE EDWARD ISLAND,8300700,6547,,YSU,46.44,-63.83,462620000,-634954000,19.5,1942,2002,1953.0,2001.0,1942.0,2002.0,1942.0,2002.0,49.0
ARGENTIA (AUT),NEWFOUNDLAND,8400104,10113,71807.0,WAR,47.31,-54.0,471838278,-535953423,9.46,1987,2024,1987.0,2024.0,1992.0,2024.0,2004.0,2007.0,38.0
BADGER (AUT),NEWFOUNDLAND,8400301,6561,71400.0,WDI,48.97,-56.07,485800000,-560400000,102.7,1973,2024,1986.0,2024.0,1973.0,2024.0,1973.0,2007.0,39.0
BONAVISTA,NEWFOUNDLAND,8400600,6576,,WVA,48.67,-53.11,484002000,-530651000,25.6,1956,2006,1959.0,2006.0,1956.0,2006.0,1956.0,2006.0,48.0
CAPE RACE (AUT),NEWFOUNDLAND,8401000,6590,71800.0,WRA,46.66,-53.08,463936000,-530435000,26.5,1920,2024,1953.0,2024.0,1920.0,2024.0,1920.0,2007.0,72.0
CORNER BROOK,NEWFOUNDLAND,8401298,6933,71973.0,WKB,48.93,-57.92,485600000,-575500000,151.8,1993,2024,1994.0,2024.0,1993.0,2024.0,1993.0,2007.0,31.0
DANIELS HARBOUR,NEWFOUNDLAND,8401400,6613,71185.0,WDH,50.24,-57.58,501411000,-573452000,19.0,1946,2018,1953.0,2018.0,1946.0,2018.0,1946.0,2007.0,66.0
DEER LAKE A,NEWFOUNDLAND,8401501,6615,71809.0,YDF,49.22,-57.4,491300000,-572400000,21.9,1965,2012,1965.0,2012.0,1965.0,2012.0,1965.0,2008.0,48.0
ENGLEE (AUT),NEWFOUNDLAND,8401538,10251,71417.0,WDA,50.72,-56.11,504316000,-560646000,30.3,1993,2024,1994.0,2024.0,1993.0,2024.0,2005.0,2007.0,31.0
FEROLLE POINT (AUT),NEWFOUNDLAND,8401565,9034,71406.0,WXI,51.02,-57.1,510121310,-570542250,9.06,1993,2024,1994.0,2024.0,1993.0,2024.0,2005.0,2007.0,31.0
GANDER INT'L A,NEWFOUNDLAND,8401700,6633,71803.0,YQX,48.95,-54.58,485647000,-543437000,151.2,1937,2012,1953.0,2012.0,1937.0,2012.0,1937.0,2012.0,60.0
LA SCIE,NEWFOUNDLAND,8402520,6668,71337.0,WAG,49.92,-55.67,495500000,-554000000,194.0,1984,2024,1984.0,2024.0,1984.0,2024.0,1984.0,2007.0,41.0
PORT AUX BASQUES,NEWFOUNDLAND,8402975,6693,71197.0,WZB,47.57,-59.15,473426000,-590917000,39.7,1909,2017,1966.0,2017.0,1909.0,2017.0,1909.0,2007.0,52.0
SAGONA ISLAND,NEWFOUNDLAND,8403255,8991,71408.0,WZN,47.37,-55.79,472204000,-554741000,59.7,1993,2024,1994.0,2024.0,1993.0,2024.0,,,31.0
ST JOHN'S A,NEWFOUNDLAND,8403506,6720,71801.0,YYT,47.62,-52.74,473720000,-524434000,140.5,1942,2012,1953.0,2012.0,1942.0,2012.0,1942.0,2012.0,60.0
STEPHENVILLE A,NEWFOUNDLAND,8403800,6740,71815.0,YJT,48.53,-58.55,483200000,-583300000,24.7,1942,2014,1953.0,2014.0,1942.0,2014.0,1942.0,2014.0,62.0
TWILLINGATE (AUT),NEWFOUNDLAND,8404025,7083,71402.0,WDO,49.68,-54.8,494100000,-544800000,92.3,1993,2024,1994.0,2024.0,1993.0,2024.0,2004.0,2007.0,31.0
GRATES COVE,NEWFOUNDLAND,840B053,10818,71336.0,WVW,48.17,-52.94,481019000,-525621000,46.2,1994,2024,1994.0,2024.0,2002.0,2024.0,2004.0,2004.0,31.0
POOLS ISLAND,NEWFOUNDLAND,840BR7C,10817,71931.0,WYI,49.11,-53.58,490644000,-533452000,19.3,1994,2024,1994.0,2024.0,2005.0,2024.0,,,31.0
MARTICOT ISLAND,NEWFOUNDLAND,840KN90,10909,71692.0,WTM,47.33,-54.59,471942003,-543507001,21.8,1994,2024,1994.0,2024.0,2005.0,2024.0,,,31.0
CARTWRIGHT,NEWFOUNDLAND,8501100,6773,71818.0,WCA,53.71,-57.04,534230000,-570206000,14.3,1934,2015,1953.0,2015.0,1934.0,2015.0,1934.0,2015.0,63.0
GOOSE BAY A,NEWFOUNDLAND,8501900,6777,71816.0,YYR,53.32,-60.42,531900000,-602500000,48.8,1941,2024,1953.0,2024.0,1941.0,2024.0,1941.0,2017.0,72.0
HOPEDALE (AUT),NEWFOUNDLAND,8502400,6781,71900.0,WHO,55.45,-60.22,552700000,-601300000,11.9,1942,2024,1953.0,2024.0,1942.0,2024.0,1942.0,2007.0,72.0
MARY'S HARBOUR A,NEWFOUNDLAND,8502591,6783,71817.0,YMH,52.3,-55.83,521813000,-555001000,10.6,1983,2013,1983.0,2013.0,1983.0,2013.0,1983.0,1998.0,31.0
NAIN,NEWFOUNDLAND,8502799,10813,71665.0,WFP,56.55,-61.68,563300000,-614100000,7.6,1994,2024,1994.0,2024.0,2004.0,2024.0,2004.0,2007.0,31.0
NAIN A,NEWFOUNDLAND,8502800,6787,71902.0,YDP,56.55,-61.68,563300000,-614100000,6.4,1926,2015,1984.0,2015.0,1926.0,2015.0,1927.0,2012.0,32.0
MAKKOVIK A,NEWFOUNDLAND,8502NHR,6778,,YFT,55.08,-59.19,550456000,-591119000,70.4,1985,2015,1985.0,2015.0,1986.0,2015.0,1986.0,2006.0,31.0
SAGLEK,NEWFOUNDLAND,8503249,6797,71335.0,WZZ,58.48,-62.59,582900000,-623508000,488.0,1989,2023,1989.0,2023.0,1989.0,2023.0,1989.0,1993.0,35.0
WABUSH LAKE A,NEWFOUNDLAND,8504175,6802,71825.0,YWK,52.93,-66.87,525538000,-665227000,551.38,1960,2013,1961.0,2013.0,1960.0,2013.0,1960.0,2008.0,53.0
