Location,Province,Latitude,Longitude,"Sa(0.2,XD)","Sa(0.5,XD)","Sa(1.0,XD)","Sa(2.0,XD)","Sa(5.0,XD)","Sa(10.0,XD)",PGA(XD),PGV(XD)
100 Mile House,BC,51.6428,-121.2957,0.2560,0.2360,0.1800,0.1330,0.0668,0.0320,0.1050,0.2170
Abbotsford,BC,49.0521,-122.3295,0.9770,1.0100,0.7150,0.4360,0.1360,0.0502,0.4400,0.6510
Agassiz,BC,49.2394,-121.7651,0.7150,0.7230,0.5180,0.3250,0.1100,0.0433,0.3110,0.4870
Alberni,BC,49.2667,-124.8000,1.2500,1.5700,1.1600,0.8170,0.2270,0.0774,0.5380,1.1000
Ashcroft,BC,50.7212,-121.2835,0.3530,0.3330,0.2490,0.1730,0.0758,0.0344,0.1450,0.2720
Bamfield,BC,48.8331,-125.1411,1.7900,2.2300,1.6100,1.2100,0.3020,0.0986,0.7840,1.5700
Beatton River,BC,57.4333,-121.2167,0.2240,0.1870,0.1040,0.0567,0.0338,0.0208,0.1400,0.1170
Bella Bella,BC,52.1846,-128.1569,0.3830,0.4960,0.4350,0.3120,0.1340,0.0584,0.1620,0.4830
Bella Coola,BC,52.3723,-126.7557,0.2960,0.3500,0.3210,0.2440,0.1120,0.0503,0.1300,0.3890
Burns Lake,BC,54.2303,-125.7645,0.1740,0.1640,0.1560,0.1340,0.0732,0.0335,0.0758,0.2290
Cache Creek,BC,50.8132,-121.3242,0.3440,0.3240,0.2430,0.1700,0.0752,0.0343,0.1410,0.2670
Campbell River,BC,50.0231,-125.2442,0.8470,1.0700,0.8130,0.5610,0.1790,0.0637,0.3650,0.7940
Carmi,BC,49.4947,-119.1242,0.2640,0.2510,0.1930,0.1370,0.0617,0.0301,0.1100,0.2160
Castlegar,BC,49.3162,-117.6636,0.2370,0.2100,0.1510,0.1050,0.0499,0.0248,0.0961,0.1690
Chetwynd,BC,55.6959,-121.6382,0.3030,0.2680,0.1480,0.0809,0.0438,0.0235,0.1280,0.1480
Chilliwack,BC,49.1710,-121.9526,0.8050,0.8180,0.5830,0.3610,0.1190,0.0456,0.3550,0.5400
Comox,BC,49.6728,-124.9276,0.9620,1.2100,0.9140,0.6320,0.1920,0.0673,0.4190,0.8810
Courtenay,BC,49.6894,-124.9955,0.9620,1.2200,0.9200,0.6380,0.1940,0.0679,0.4180,0.8900
Cranbrook,BC,49.5107,-115.7673,0.2870,0.2690,0.1660,0.0951,0.0418,0.0211,0.1110,0.1500
Crescent Valley,BC,49.4467,-117.5574,0.2370,0.2100,0.1490,0.1020,0.0491,0.0245,0.0956,0.1660
Crofton,BC,48.8609,-123.6448,1.5500,1.7100,1.2100,0.7600,0.2060,0.0702,0.6940,1.1000
Dawson Creek,BC,55.7605,-120.2364,0.2550,0.2190,0.1210,0.0659,0.0380,0.0219,0.1350,0.1300
Dease Lake,BC,58.4333,-130.0167,0.1760,0.2400,0.1930,0.1360,0.0672,0.0388,0.0691,0.2050
Dog Creek,BC,51.8333,-122.2500,0.2680,0.2520,0.1960,0.1460,0.0723,0.0336,0.1100,0.2370
Duncan,BC,48.7787,-123.7080,1.6300,1.8100,1.2800,0.8190,0.2190,0.0739,0.7220,1.1700
Elko,BC,49.2965,-115.1103,0.3490,0.3310,0.2010,0.1070,0.0430,0.0211,0.1340,0.1650
Fernie,BC,49.5042,-115.0629,0.3830,0.3460,0.2030,0.1060,0.0427,0.0210,0.1510,0.1700
Fort Nelson,BC,58.8048,-122.7015,0.2350,0.2190,0.1340,0.0695,0.0294,0.0149,0.1390,0.1240
Fort St. John,BC,56.2528,-120.8472,0.2470,0.2120,0.1160,0.0640,0.0376,0.0218,0.1360,0.1280
Glacier,BC,50.5488,-115.1823,0.4500,0.3880,0.2130,0.1040,0.0422,0.0208,0.1830,0.1810
Golden,BC,51.2992,-116.9643,0.4290,0.3670,0.2030,0.1060,0.0469,0.0240,0.1730,0.1840
Gold River,BC,49.7808,-126.0473,1.2900,1.6600,1.2200,0.8600,0.2500,0.0850,0.5360,1.1700
Grand Forks,BC,49.0312,-118.4392,0.2480,0.2280,0.1740,0.1230,0.0565,0.0277,0.1030,0.1960
Greenwood,BC,49.0896,-118.6769,0.2550,0.2380,0.1830,0.1290,0.0585,0.0286,0.1060,0.2050
Hope,BC,49.3800,-121.4416,0.6000,0.6010,0.4330,0.2760,0.0982,0.0402,0.2570,0.4170
Jordan River,BC,48.5003,-123.9682,1.9000,2.1900,1.5600,1.0900,0.2790,0.0901,0.8240,1.4600
Kamloops,BC,50.6758,-120.3394,0.2690,0.2560,0.1980,0.1420,0.0665,0.0319,0.1120,0.2260
Kaslo,BC,49.9122,-116.9050,0.2500,0.2260,0.1460,0.0931,0.0443,0.0222,0.0982,0.1510
Kelowna,BC,49.8879,-119.4959,0.2670,0.2550,0.1970,0.1390,0.0635,0.0309,0.1110,0.2210
Kimberley,BC,49.6851,-115.9819,0.2840,0.2600,0.1600,0.0932,0.0419,0.0212,0.1100,0.1490
Kitimat Plant,BC,54.0285,-128.6625,0.2950,0.3780,0.3380,0.2440,0.1090,0.0508,0.1250,0.3830
Kitimat Townsite,BC,54.0010,-128.6572,0.2970,0.3810,0.3400,0.2450,0.1090,0.0510,0.1260,0.3850
Ladysmith,BC,48.9937,-123.8158,1.4700,1.6400,1.1700,0.7440,0.2030,0.0697,0.6620,1.0700
Langford,BC,48.4498,-123.5047,1.9300,2.0600,1.4900,0.9790,0.2600,0.0826,0.8340,1.3500
Lillooet,BC,50.6939,-121.9337,0.4720,0.4390,0.3130,0.2090,0.0857,0.0369,0.1970,0.3280
Lytton,BC,50.2311,-121.5816,0.4940,0.4690,0.3370,0.2230,0.0876,0.0374,0.2080,0.3450
Mackenzie,BC,55.3244,-123.0926,0.2800,0.2490,0.1430,0.0905,0.0503,0.0253,0.1110,0.1610
Masset,BC,54.0124,-132.1452,1.2600,1.4800,1.0700,0.6980,0.2310,0.0899,0.5000,1.0100
McBride,BC,53.3042,-120.1641,0.3980,0.3370,0.1860,0.1050,0.0532,0.0276,0.1600,0.1840
McLeod Lake,BC,54.9744,-123.0525,0.2580,0.2320,0.1380,0.0944,0.0547,0.0282,0.1010,0.1660
Merritt,BC,50.1125,-120.7884,0.3790,0.3630,0.2700,0.1840,0.0766,0.0346,0.1560,0.2860
Mission City,BC,49.1338,-122.3038,0.9220,0.9480,0.6740,0.4140,0.1310,0.0489,0.4160,0.6190
Montrose,BC,49.0784,-117.5929,0.2360,0.2090,0.1520,0.1050,0.0496,0.0242,0.0959,0.1690
Nakusp,BC,50.2396,-117.7974,0.2420,0.2160,0.1470,0.0992,0.0496,0.0259,0.0966,0.1630
Nanaimo,BC,49.1639,-123.9381,1.3500,1.5000,1.0700,0.6850,0.1930,0.0668,0.6070,0.9900
Nelson,BC,49.4949,-117.2900,0.2370,0.2120,0.1460,0.0986,0.0471,0.0234,0.0951,0.1600
Ocean Falls,BC,52.3534,-127.6936,0.3320,0.4220,0.3820,0.2800,0.1240,0.0552,0.1440,0.4380
Osoyoos,BC,49.0333,-119.4667,0.3150,0.3060,0.2320,0.1600,0.0673,0.0315,0.1300,0.2470
Parksville,BC,49.3180,-124.3117,1.2100,1.4000,1.0200,0.6810,0.1960,0.0679,0.5380,0.9630
Penticton,BC,49.5003,-119.5932,0.2930,0.2860,0.2190,0.1530,0.0665,0.0316,0.1210,0.2380
Port Alberni,BC,49.2344,-124.8057,1.2800,1.6100,1.1900,0.8400,0.2320,0.0787,0.5510,1.1300
Port Alice,BC,50.4269,-127.4881,1.6900,1.7600,1.3100,0.8560,0.2560,0.0839,0.6900,1.1500
Port Hardy,BC,50.7244,-127.4976,0.9830,1.1700,0.8590,0.5670,0.1890,0.0698,0.3890,0.8180
Port McNeill,BC,50.5893,-127.0839,0.9760,1.2000,0.8870,0.5930,0.1940,0.0707,0.3890,0.8500
Port Renfrew,BC,48.5542,-124.4031,1.8900,2.2800,1.6300,1.2000,0.2970,0.0963,0.8210,1.5700
Powell River,BC,49.8357,-124.5244,0.8600,1.0200,0.7630,0.5160,0.1640,0.0592,0.3800,0.7390
Prince George,BC,53.9129,-122.7454,0.1940,0.1840,0.1300,0.1010,0.0593,0.0299,0.0787,0.1750
Prince Rupert,BC,54.3127,-130.3255,0.4370,0.5780,0.4880,0.3300,0.1320,0.0593,0.1760,0.5020
Princeton,BC,49.4605,-120.5080,0.4560,0.4370,0.3160,0.2070,0.0805,0.0353,0.1920,0.3200
Qualicum Beach,BC,49.3480,-124.4439,1.1700,1.3900,1.0200,0.6910,0.1990,0.0690,0.5200,0.9670
Queen Charlotte City,BC,49.2855,-123.1364,1.1100,1.1600,0.8240,0.5020,0.1510,0.0546,0.5110,0.7590
Quesnel,BC,52.9794,-122.4936,0.1870,0.1810,0.1440,0.1150,0.0644,0.0314,0.0782,0.1940
Revelstoke,BC,50.9980,-118.1957,0.2570,0.2300,0.1490,0.0981,0.0503,0.0268,0.1010,0.1630
Salmon Arm,BC,50.7005,-119.2791,0.2430,0.2200,0.1640,0.1170,0.0579,0.0294,0.0998,0.1900
Sandspit,BC,53.2435,-131.8281,1.9000,2.1200,1.4700,1.0000,0.3110,0.1110,0.7880,1.4100
Sechelt,BC,49.4721,-123.7631,1.1100,1.2000,0.8580,0.5370,0.1610,0.0579,0.5060,0.7980
Sidney,BC,48.6506,-123.3983,1.6900,1.8100,1.2800,0.7990,0.2150,0.0720,0.7410,1.1500
Smithers,BC,54.7792,-127.1761,0.1820,0.1800,0.1750,0.1440,0.0756,0.0340,0.0785,0.2460
Smith River,BC,59.9167,-128.1167,0.6230,0.5650,0.3260,0.1530,0.0499,0.0226,0.2550,0.2470
Sooke,BC,48.3826,-123.7315,1.9100,2.1700,1.5400,1.0500,0.2690,0.0874,0.8240,1.4200
Squamish,BC,49.7589,-123.1343,0.8360,0.8690,0.6270,0.3960,0.1300,0.0491,0.3770,0.5950
Stewart,BC,55.9383,-129.9912,0.2560,0.3370,0.2960,0.2130,0.0961,0.0505,0.1070,0.3270
Tahsis,BC,49.9154,-126.6634,1.8300,1.9700,1.4300,0.9810,0.2790,0.0924,0.7700,1.3200
Taylor,BC,56.1592,-120.6868,0.2480,0.2120,0.1170,0.0640,0.0375,0.0218,0.1360,0.1280
Terrace,BC,54.5173,-128.5995,0.2650,0.3270,0.2940,0.2150,0.0988,0.0474,0.1120,0.3400
Tofino,BC,49.1530,-125.9047,1.7500,2.1900,1.5800,1.1900,0.3060,0.1010,0.7610,1.5500
Trail,BC,49.0945,-117.7098,0.2370,0.2100,0.1540,0.1070,0.0505,0.0247,0.0965,0.1720
Ucluelet,BC,48.9427,-125.5460,1.8000,2.2500,1.6200,1.2300,0.3070,0.1010,0.7890,1.5900
Burnaby (Simon Fraser Univ.),BC,49.2788,-122.9198,1.0500,1.0800,0.7700,0.4700,0.1430,0.0525,0.4800,0.7120
Cloverdale,BC,49.1162,-122.7215,1.0700,1.1100,0.7870,0.4780,0.1440,0.0528,0.4900,0.7210
Haney,BC,49.2184,-122.6250,0.9810,1.0100,0.7200,0.4400,0.1360,0.0506,0.4470,0.6630
Ladner,BC,49.0975,-123.0785,1.2200,1.2700,0.9000,0.5420,0.1580,0.0567,0.5580,0.8180
Langley,BC,49.1039,-122.6570,1.0600,1.0900,0.7750,0.4710,0.1430,0.0523,0.4820,0.7100
New Westminster,BC,49.2068,-122.9109,1.0900,1.1300,0.7990,0.4860,0.1460,0.0534,0.4980,0.7340
North Vancouver,BC,49.3206,-123.0738,1.0700,1.1100,0.7920,0.4840,0.1470,0.0535,0.4910,0.7320
Richmond,BC,49.1632,-123.1374,1.2000,1.2500,0.8840,0.5340,0.1570,0.0563,0.5480,0.8070
Surrey (88 Ave & 156 St.),BC,49.1327,-122.8397,1.1100,1.1500,0.8120,0.4930,0.1480,0.0537,0.5060,0.7440
Vancouver (City Hall),BC,49.2606,-123.1139,1.1200,1.1700,0.8300,0.5050,0.1510,0.0547,0.5160,0.7630
Vancouver (Granville St. & 41st Ave),BC,49.2333,-123.1422,1.1500,1.2000,0.8510,0.5160,0.1530,0.0554,0.5280,0.7800
West Vancouver,BC,49.3311,-123.1595,1.0900,1.1400,0.8090,0.4940,0.1490,0.0542,0.5010,0.7470
Vernon,BC,50.2669,-119.2718,0.2490,0.2300,0.1750,0.1250,0.0598,0.0299,0.1030,0.2010
Victoria,BC,48.4283,-123.3650,1.8900,2.0000,1.4400,0.9330,0.2500,0.0798,0.8170,1.2900
Victoria (Gonzales Hts),BC,48.4283,-123.3650,1.8900,2.0000,1.4400,0.9330,0.2500,0.0798,0.8170,1.2900
Victoria (Mt Tolmie),BC,48.4283,-123.3650,1.8900,2.0000,1.4400,0.9330,0.2500,0.0798,0.8170,1.2900
Whistler,BC,50.1172,-122.9543,0.6720,0.6830,0.4960,0.3220,0.1140,0.0447,0.2940,0.4850
White Rock,BC,49.0235,-122.7979,1.1600,1.2100,0.8520,0.5140,0.1530,0.0548,0.5300,0.7730
Williams Lake,BC,52.1293,-122.1397,0.2460,0.2270,0.1750,0.1330,0.0688,0.0326,0.1020,0.2200
Youbou,BC,48.8728,-124.1949,1.5900,1.8800,1.3400,0.9220,0.2420,0.0811,0.6920,1.2600
Athabasca,AB,54.7215,-113.2858,0.1370,0.1250,0.0682,0.0301,0.0068,0.0020,0.0798,0.0662
Banff,AB,51.1751,-115.5721,0.4530,0.3930,0.2150,0.1040,0.0422,0.0208,0.1840,0.1820
Barrhead,AB,54.1262,-114.4044,0.1980,0.1640,0.0888,0.0460,0.0243,0.0155,0.1250,0.1000
Beaverlodge,AB,55.2106,-119.4287,0.2560,0.2230,0.1240,0.0667,0.0376,0.0218,0.1330,0.1300
Brooks,AB,50.5710,-111.8930,0.2080,0.1780,0.1040,0.0559,0.0242,0.0131,0.1330,0.1080
Calgary,AB,51.0456,-114.0575,0.3080,0.2650,0.1480,0.0751,0.0333,0.0184,0.1480,0.1380
Campsie,AB,48.0030,-85.8914,0.1140,0.1140,0.0649,0.0290,0.0067,0.0021,0.0665,0.0636
Camrose,AB,53.0131,-112.8406,0.1800,0.1530,0.0836,0.0431,0.0207,0.0119,0.1120,0.0929
Canmore,AB,51.0867,-115.3481,0.4520,0.3910,0.2130,0.1030,0.0417,0.0206,0.1850,0.1810
Cardston,AB,49.2001,-113.3166,0.4280,0.3890,0.2280,0.1120,0.0406,0.0197,0.1840,0.1810
Claresholm,AB,50.0239,-113.5800,0.3640,0.3130,0.1770,0.0885,0.0357,0.0187,0.1660,0.1550
Cold Lake,AB,54.4605,-110.1929,0.1070,0.1020,0.0542,0.0222,0.0047,0.0014,0.0617,0.0526
Coleman,AB,49.6377,-114.4964,0.4470,0.3940,0.2240,0.1110,0.0426,0.0208,0.1820,0.1830
Coronation,AB,52.0930,-111.4490,0.1460,0.1340,0.0755,0.0368,0.0124,0.0044,0.0872,0.0768
Cowley,AB,49.5690,-114.0733,0.4500,0.3990,0.2280,0.1110,0.0418,0.0203,0.1850,0.1840
Drumheller,AB,51.4169,-112.6402,0.2140,0.1800,0.1010,0.0531,0.0239,0.0130,0.1370,0.1090
Edmonton,AB,53.5462,-113.4912,0.1890,0.1580,0.0860,0.0441,0.0211,0.0121,0.1190,0.0961
Edson,AB,53.5859,-116.4428,0.2730,0.2370,0.1330,0.0682,0.0343,0.0203,0.1430,0.1310
Embarras Portage,AB,58.4333,-111.4667,0.1020,0.0947,0.0500,0.0205,0.0043,0.0013,0.0603,0.0491
Fairview,AB,49.6956,-112.7758,0.2630,0.2430,0.1480,0.0774,0.0308,0.0156,0.1410,0.1320
Fort MacLeod,AB,49.7267,-113.4076,0.3670,0.3220,0.1860,0.0927,0.0364,0.0188,0.1670,0.1580
Fort McMurray,AB,56.7292,-111.3885,0.1050,0.0987,0.0524,0.0215,0.0045,0.0014,0.0612,0.0512
Fort Saskatchewan,AB,53.7129,-113.2149,0.1650,0.1440,0.0790,0.0410,0.0200,0.0117,0.1010,0.0872
Fort Vermilion,AB,58.3838,-116.0395,0.1160,0.1100,0.0581,0.0238,0.0050,0.0015,0.0666,0.0567
Grande Prairie,AB,55.1711,-118.7950,0.2370,0.2060,0.1150,0.0614,0.0353,0.0212,0.1370,0.1230
Habay,AB,58.2000,-118.5000,0.1440,0.1300,0.0718,0.0326,0.0077,0.0023,0.0839,0.0700
Hardisty,AB,52.6696,-111.3094,0.1350,0.1250,0.0698,0.0311,0.0071,0.0021,0.0788,0.0669
High River,AB,50.5802,-113.8709,0.3430,0.2910,0.1630,0.0815,0.0345,0.0185,0.1590,0.1470
Hinton,AB,53.3991,-117.5887,0.4450,0.3820,0.2070,0.0986,0.0444,0.0247,0.1860,0.1790
Jasper,AB,52.8752,-118.0824,0.4520,0.3940,0.2160,0.1080,0.0483,0.0259,0.1820,0.1880
Keg River,AB,57.7714,-117.9453,0.1420,0.1290,0.0695,0.0302,0.0068,0.0020,0.0829,0.0683
Lac La Biche,AB,55.2468,-111.8355,0.1140,0.1080,0.0573,0.0238,0.0051,0.0015,0.0658,0.0558
Lacombe,AB,52.4728,-113.7332,0.2220,0.1870,0.1040,0.0536,0.0271,0.0166,0.1400,0.1130
Lethbridge,AB,49.6946,-112.8331,0.2680,0.2470,0.1500,0.0784,0.0311,0.0158,0.1410,0.1330
Manning,AB,56.9235,-117.6273,0.1590,0.1400,0.0755,0.0336,0.0085,0.0026,0.0961,0.0756
Medicine Hat,AB,50.0430,-110.6790,0.1620,0.1510,0.0925,0.0488,0.0170,0.0066,0.0982,0.0885
Peace River,AB,56.2337,-117.2911,0.1880,0.1570,0.0838,0.0426,0.0242,0.0154,0.1180,0.0949
Pincher Creek,AB,49.4857,-113.9503,0.4510,0.4020,0.2310,0.1130,0.0419,0.0202,0.1860,0.1850
Ranfurly,AB,53.4085,-111.6804,0.1320,0.1220,0.0665,0.0293,0.0066,0.0020,0.0769,0.0643
Red Deer,AB,52.2691,-113.8141,0.2270,0.1940,0.1080,0.0561,0.0278,0.0168,0.1400,0.1150
Rocky Mountain House,AB,52.3769,-114.9184,0.2940,0.2510,0.1390,0.0697,0.0326,0.0184,0.1480,0.1340
Slave Lake,AB,55.2811,-114.7718,0.1510,0.1350,0.0738,0.0328,0.0075,0.0022,0.0900,0.0720
Stettler,AB,52.3229,-112.7130,0.2000,0.1660,0.0904,0.0465,0.0218,0.0122,0.1270,0.1010
Stony Plain,AB,53.5290,-114.0049,0.2090,0.1720,0.0930,0.0481,0.0250,0.0157,0.1340,0.1050
Suffield,AB,50.2193,-111.1609,0.1820,0.1630,0.0981,0.0521,0.0200,0.0092,0.1140,0.0971
Taber,AB,49.8895,-112.0488,0.2210,0.1980,0.1210,0.0646,0.0263,0.0134,0.1380,0.1170
Turner Valley,AB,50.6742,-114.2793,0.4130,0.3500,0.1900,0.0919,0.0378,0.0195,0.1800,0.1660
Valleyview,AB,55.0667,-117.2833,0.2230,0.1860,0.1020,0.0531,0.0307,0.0195,0.1410,0.1130
Vegreville,AB,53.5000,-112.0500,0.1380,0.1250,0.0688,0.0305,0.0069,0.0021,0.0806,0.0665
Vermilion,AB,53.3527,-110.8542,0.1210,0.1140,0.0622,0.0268,0.0060,0.0018,0.0696,0.0600
Wagner,AB,55.3498,-114.9798,0.1530,0.1370,0.0748,0.0361,0.0123,0.0044,0.0919,0.0777
Wainwright,AB,52.8403,-110.8514,0.1260,0.1190,0.0657,0.0289,0.0065,0.0020,0.0724,0.0630
Wetaskiwin,AB,52.9685,-113.3679,0.2070,0.1700,0.0923,0.0474,0.0229,0.0134,0.1320,0.1030
Whitecourt,AB,54.1425,-115.6847,0.2220,0.1860,0.1030,0.0537,0.0283,0.0173,0.1410,0.1140
Wimborne,AB,51.8641,-113.5934,0.2290,0.1970,0.1100,0.0575,0.0281,0.0169,0.1400,0.1160
Assiniboia,SK,49.6311,-105.9926,0.2610,0.2160,0.1110,0.0445,0.0094,0.0027,0.1600,0.1210
Battrum,SK,50.5487,-108.3340,0.1370,0.1340,0.0734,0.0311,0.0068,0.0021,0.0762,0.0708
Biggar,SK,52.0576,-107.9846,0.1160,0.1160,0.0643,0.0273,0.0060,0.0018,0.0660,0.0612
Broadview,SK,50.3789,-102.5840,0.1630,0.1490,0.0787,0.0322,0.0069,0.0021,0.0927,0.0791
Dafoe,SK,51.7516,-104.5281,0.1290,0.1250,0.0679,0.0284,0.0061,0.0019,0.0727,0.0659
Dundurn,SK,51.8454,-106.5475,0.1230,0.1210,0.0669,0.0283,0.0061,0.0019,0.0693,0.0641
Estevan,SK,49.1428,-102.9911,0.2470,0.2050,0.1040,0.0415,0.0087,0.0025,0.1510,0.1140
Hudson Bay,SK,52.8566,-102.3968,0.1080,0.1040,0.0565,0.0236,0.0050,0.0016,0.0629,0.0544
Humboldt,SK,52.2020,-105.1230,0.1190,0.1170,0.0639,0.0270,0.0059,0.0018,0.0676,0.0614
Island Falls,SK,55.5333,-102.5167,0.1030,0.0909,0.0461,0.0181,0.0036,0.0011,0.0610,0.0464
Kamsack,SK,51.5645,-101.8953,0.1200,0.1160,0.0627,0.0261,0.0056,0.0017,0.0681,0.0606
Kindersley,SK,51.4687,-109.1581,0.1230,0.1220,0.0676,0.0292,0.0065,0.0020,0.0690,0.0643
Lloydminster,SK,53.2817,-109.9863,0.1120,0.1090,0.0594,0.0253,0.0055,0.0017,0.0643,0.0568
Maple Creek,SK,49.9057,-109.4800,0.1410,0.1380,0.0807,0.0395,0.0103,0.0032,0.0797,0.0751
Meadow Lake,SK,54.1303,-108.4351,0.1050,0.0998,0.0536,0.0223,0.0047,0.0014,0.0616,0.0520
Melfort,SK,52.8614,-104.6136,0.1100,0.1070,0.0587,0.0247,0.0053,0.0016,0.0637,0.0563
Melville,SK,50.9307,-102.8073,0.1450,0.1370,0.0729,0.0301,0.0064,0.0019,0.0821,0.0720
Moose Jaw,SK,50.3967,-105.5357,0.2000,0.1760,0.0922,0.0377,0.0081,0.0024,0.1170,0.0954
Nipawin,SK,53.3628,-104.0174,0.1070,0.1020,0.0555,0.0232,0.0050,0.0015,0.0623,0.0535
North Battleford,SK,52.7762,-108.3005,0.1110,0.1100,0.0610,0.0260,0.0057,0.0017,0.0637,0.0580
Prince Albert,SK,53.2020,-105.7559,0.1080,0.1050,0.0579,0.0246,0.0053,0.0016,0.0628,0.0554
Qu'Appelle,SK,50.5414,-103.8779,0.1870,0.1670,0.0872,0.0356,0.0076,0.0022,0.1100,0.0899
Regina,SK,50.4480,-104.6159,0.2070,0.1800,0.0933,0.0380,0.0081,0.0024,0.1230,0.0978
Rosetown,SK,51.5548,-107.9913,0.1220,0.1220,0.0672,0.0284,0.0062,0.0019,0.0688,0.0642
Saskatoon,SK,52.1318,-106.6608,0.1180,0.1170,0.0646,0.0274,0.0060,0.0018,0.0668,0.0616
Scott,SK,52.3659,-108.8284,0.1140,0.1140,0.0629,0.0268,0.0059,0.0018,0.0651,0.0599
Strasbourg,SK,51.0704,-104.9569,0.1560,0.1460,0.0781,0.0324,0.0070,0.0021,0.0887,0.0775
Swift Current,SK,50.2849,-107.7984,0.1500,0.1440,0.0777,0.0324,0.0070,0.0021,0.0836,0.0761
Uranium City,SK,59.5691,-108.6163,0.1010,0.0897,0.0455,0.0179,0.0036,0.0011,0.0600,0.0457
Weyburn,SK,49.6651,-103.8540,0.3160,0.2460,0.1220,0.0483,0.0101,0.0028,0.1990,0.1420
Yorkton,SK,51.2120,-102.4612,0.1320,0.1260,0.0679,0.0281,0.0060,0.0018,0.0744,0.0664
Beausejour,MB,50.0619,-96.5141,0.1060,0.0936,0.0471,0.0184,0.0037,0.0011,0.0630,0.0478
Boissevain,MB,49.2306,-100.0558,0.1200,0.1140,0.0609,0.0252,0.0053,0.0016,0.0684,0.0595
Brandon,MB,49.8511,-99.9609,0.1180,0.1130,0.0603,0.0250,0.0053,0.0016,0.0672,0.0587
Churchill,MB,58.7693,-94.1737,0.1030,0.0913,0.0464,0.0182,0.0037,0.0011,0.0612,0.0467
Dauphin,MB,51.1535,-100.0443,0.1120,0.1070,0.0579,0.0242,0.0051,0.0016,0.0643,0.0559
Flin Flon,MB,54.7669,-101.8425,0.1030,0.0916,0.0468,0.0186,0.0038,0.0011,0.0612,0.0470
Gimli,MB,50.6323,-96.9881,0.1060,0.0937,0.0475,0.0187,0.0037,0.0011,0.0624,0.0479
Island Lake,MB,53.8943,-94.7022,0.1050,0.0938,0.0481,0.0191,0.0039,0.0012,0.0618,0.0482
Lac du Bonnet,MB,50.2549,-96.0621,0.1090,0.0955,0.0481,0.0188,0.0038,0.0011,0.0641,0.0489
Lynn Lake,MB,56.8527,-101.0454,0.1030,0.0912,0.0463,0.0182,0.0037,0.0011,0.0612,0.0466
Morden,MB,49.1927,-98.1015,0.1030,0.0950,0.0503,0.0207,0.0043,0.0013,0.0608,0.0495
Neepawa,MB,50.2284,-99.4664,0.1120,0.1070,0.0574,0.0238,0.0050,0.0015,0.0645,0.0557
Pine Falls,MB,50.5645,-96.2176,0.1080,0.0956,0.0483,0.0190,0.0038,0.0011,0.0638,0.0490
Portage la Prairie,MB,49.9724,-98.2892,0.1050,0.0979,0.0521,0.0215,0.0045,0.0014,0.0618,0.0511
Rivers,MB,50.0289,-100.2385,0.1200,0.1150,0.0618,0.0256,0.0054,0.0017,0.0685,0.0601
Sandilands,MB,49.3255,-96.2931,0.1050,0.0909,0.0453,0.0176,0.0035,0.0010,0.0623,0.0463
Selkirk,MB,50.1470,-96.8802,0.1050,0.0929,0.0468,0.0183,0.0037,0.0011,0.0624,0.0475
Split Lake,MB,56.1695,-96.1566,0.1030,0.0911,0.0462,0.0181,0.0036,0.0011,0.0612,0.0465
Steinbach,MB,49.5254,-96.6854,0.1040,0.0909,0.0455,0.0177,0.0035,0.0010,0.0620,0.0464
Swan River,MB,52.1077,-101.2547,0.1110,0.1070,0.0580,0.0243,0.0052,0.0016,0.0639,0.0558
The Pas,MB,53.8224,-101.2405,0.1040,0.0949,0.0498,0.0203,0.0042,0.0013,0.0613,0.0492
Thompson,MB,55.7433,-97.8635,0.1030,0.0914,0.0465,0.0183,0.0037,0.0011,0.0612,0.0467
Virden,MB,49.8485,-100.9323,0.1330,0.1260,0.0672,0.0277,0.0059,0.0018,0.0750,0.0662
Winnipeg,MB,49.8955,-97.1385,0.1040,0.0915,0.0460,0.0179,0.0036,0.0011,0.0619,0.0467
Ailsa Craig,ON,43.1471,-81.5336,0.2120,0.2130,0.1260,0.0595,0.0152,0.0048,0.1200,0.1290
Ajax,ON,43.8505,-79.0209,0.3670,0.3220,0.1870,0.0880,0.0231,0.0072,0.2260,0.2100
Alexandria,ON,45.3179,-74.6398,0.7970,0.5760,0.3420,0.1620,0.0450,0.0140,0.4800,0.4100
Alliston,ON,44.1539,-79.8692,0.2570,0.2640,0.1610,0.0775,0.0205,0.0065,0.1440,0.1670
Almonte,ON,45.2260,-76.1945,0.5280,0.4670,0.2800,0.1350,0.0377,0.0118,0.3120,0.3230
Armstrong,ON,50.3021,-89.0374,0.1230,0.1080,0.0552,0.0221,0.0046,0.0014,0.0742,0.0565
Arnprior,ON,45.4335,-76.3544,0.5550,0.4780,0.2860,0.1370,0.0382,0.0120,0.3290,0.3310
Atikokan,ON,48.7625,-91.6246,0.1330,0.1080,0.0520,0.0198,0.0039,0.0011,0.0829,0.0563
Attawapiskat,ON,52.9244,-82.4270,0.1440,0.1240,0.0636,0.0257,0.0054,0.0016,0.0882,0.0664
Aurora,ON,43.9997,-79.4675,0.2910,0.2830,0.1700,0.0813,0.0215,0.0067,0.1710,0.1810
Bancroft,ON,45.0571,-77.8537,0.3530,0.3530,0.2150,0.1040,0.0284,0.0090,0.1930,0.2310
Barrie,ON,44.3893,-79.6901,0.2580,0.2690,0.1650,0.0797,0.0212,0.0067,0.1420,0.1700
Barriefield,ON,44.2422,-76.4632,0.3720,0.3690,0.2260,0.1100,0.0303,0.0096,0.2060,0.2450
Beaverton,ON,44.4296,-79.1550,0.2780,0.2870,0.1750,0.0848,0.0227,0.0071,0.1530,0.1830
Belleville,ON,44.2436,-77.3608,0.3510,0.3440,0.2080,0.1000,0.0269,0.0085,0.1970,0.2240
Belmont,ON,42.8841,-81.0881,0.2440,0.2320,0.1360,0.0635,0.0162,0.0051,0.1430,0.1420
Borden (CFB),ON,44.2740,-79.8990,0.2520,0.2620,0.1600,0.0775,0.0206,0.0065,0.1390,0.1660
Bracebridge,ON,45.0415,-79.3110,0.2850,0.2950,0.1800,0.0873,0.0234,0.0073,0.1530,0.1880
Bradford,ON,44.1171,-79.5560,0.2750,0.2760,0.1670,0.0803,0.0213,0.0067,0.1570,0.1750
Brampton,ON,43.6858,-79.7599,0.3170,0.2880,0.1690,0.0798,0.0209,0.0065,0.1940,0.1840
Brantford,ON,43.1408,-80.2632,0.3000,0.2710,0.1570,0.0738,0.0192,0.0060,0.1840,0.1710
Brighton,ON,44.0422,-77.7370,0.3540,0.3360,0.2000,0.0957,0.0255,0.0080,0.2060,0.2180
Brockville,ON,44.6039,-75.7017,0.4780,0.4390,0.2650,0.1290,0.0357,0.0113,0.2810,0.3020
Burk's Falls,ON,45.6202,-79.4089,0.3240,0.3180,0.1910,0.0916,0.0245,0.0077,0.1800,0.2040
Burlington,ON,43.3249,-79.7967,0.4010,0.3230,0.1800,0.0829,0.0213,0.0066,0.2530,0.2110
Cambridge,ON,43.3601,-80.3123,0.2860,0.2650,0.1560,0.0736,0.0192,0.0060,0.1730,0.1680
Campbellford,ON,44.3086,-77.7981,0.3300,0.3300,0.2000,0.0962,0.0258,0.0081,0.1830,0.2130
Cannington,ON,44.3502,-79.0386,0.2840,0.2900,0.1770,0.0856,0.0229,0.0072,0.1580,0.1850
Carleton Place,ON,45.1403,-76.1466,0.5120,0.4590,0.2760,0.1340,0.0372,0.0117,0.3010,0.3170
Cavan,ON,44.1997,-78.4687,0.3110,0.3090,0.1870,0.0902,0.0241,0.0076,0.1770,0.1990
Centralia,ON,43.2839,-81.4721,0.2090,0.2130,0.1270,0.0602,0.0154,0.0049,0.1170,0.1290
Chapleau,ON,47.8417,-83.4036,0.1520,0.1580,0.0940,0.0438,0.0108,0.0034,0.0848,0.0929
Chatham,ON,42.4057,-82.1854,0.2320,0.2130,0.1200,0.0540,0.0132,0.0041,0.1370,0.1260
Chesley,ON,44.2987,-81.0953,0.2010,0.2190,0.1360,0.0661,0.0174,0.0055,0.1080,0.1360
Clinton,ON,43.6172,-81.5397,0.1950,0.2070,0.1260,0.0601,0.0155,0.0049,0.1080,0.1260
Coboconk,ON,44.6586,-78.7982,0.2920,0.3020,0.1850,0.0896,0.0240,0.0076,0.1580,0.1930
Cobourg,ON,43.9596,-78.1678,0.3520,0.3270,0.1940,0.0924,0.0246,0.0077,0.2090,0.2130
Cochrane,ON,50.6309,-82.1914,0.1700,0.1570,0.0877,0.0389,0.0091,0.0028,0.1020,0.0899
Colborne,ON,44.0050,-77.8880,0.3540,0.3330,0.1980,0.0945,0.0252,0.0079,0.2070,0.2160
Collingwood,ON,44.5027,-80.2172,0.2350,0.2510,0.1550,0.0754,0.0201,0.0063,0.1270,0.1590
Cornwall,ON,45.0184,-74.7287,0.7900,0.5700,0.3370,0.1600,0.0441,0.0137,0.4760,0.4050
Corunna,ON,42.8886,-82.4533,0.1920,0.1910,0.1120,0.0515,0.0128,0.0040,0.1080,0.1120
Deep River,ON,46.1013,-77.4876,0.5630,0.4690,0.2770,0.1330,0.0366,0.0115,0.3340,0.3240
Deseronto,ON,44.1950,-77.0499,0.3560,0.3500,0.2120,0.1030,0.0277,0.0087,0.1980,0.2290
Dorchester,ON,42.9887,-81.0587,0.2410,0.2320,0.1360,0.0640,0.0164,0.0052,0.1400,0.1420
Dorion,ON,48.7854,-88.5612,0.1130,0.1010,0.0518,0.0209,0.0043,0.0013,0.0675,0.0525
Dresden,ON,42.5910,-82.1795,0.2200,0.2080,0.1180,0.0539,0.0133,0.0041,0.1280,0.1230
Dryden,ON,49.7857,-92.8358,0.1400,0.1140,0.0556,0.0212,0.0042,0.0012,0.0871,0.0600
Dundalk,ON,44.1692,-80.3966,0.2320,0.2440,0.1500,0.0729,0.0193,0.0061,0.1270,0.1540
Dunnville,ON,42.9059,-79.6188,0.3760,0.3100,0.1750,0.0804,0.0207,0.0064,0.2370,0.2010
Durham,ON,44.0310,-78.9497,0.3190,0.3030,0.1810,0.0867,0.0230,0.0072,0.1890,0.1950
Dutton,ON,42.6640,-81.5027,0.2420,0.2250,0.1290,0.0595,0.0149,0.0047,0.1430,0.1360
Earlton,ON,47.7110,-79.8244,0.3540,0.3180,0.1840,0.0869,0.0230,0.0072,0.2120,0.2040
Edison,ON,49.8125,-93.5531,0.1360,0.1120,0.0544,0.0208,0.0041,0.0012,0.0845,0.0585
Elliot Lake,ON,46.3735,-82.6529,0.1660,0.1810,0.1110,0.0531,0.0136,0.0043,0.0910,0.1100
Elmvale,ON,44.5837,-79.8662,0.2500,0.2650,0.1630,0.0789,0.0210,0.0066,0.1350,0.1670
Embro,ON,43.1546,-80.9005,0.2410,0.2350,0.1400,0.0660,0.0171,0.0054,0.1400,0.1450
Englehart,ON,47.8256,-79.8734,0.3440,0.3090,0.1800,0.0846,0.0223,0.0069,0.2050,0.1980
Espanola,ON,46.2653,-81.7699,0.2010,0.2140,0.1300,0.0625,0.0162,0.0051,0.1090,0.1310
Exeter,ON,43.3450,-81.4801,0.2060,0.2120,0.1270,0.0602,0.0155,0.0049,0.1150,0.1280
Fenelon Falls,ON,44.5370,-78.7364,0.2920,0.3020,0.1840,0.0894,0.0239,0.0076,0.1590,0.1930
Fergus,ON,43.7059,-80.3779,0.2500,0.2500,0.1510,0.0725,0.0191,0.0060,0.1450,0.1580
Forest,ON,43.1008,-82.0003,0.1970,0.2000,0.1180,0.0554,0.0140,0.0044,0.1100,0.1190
Fort Erie,ON,42.9131,-78.9186,0.4390,0.3460,0.1920,0.0879,0.0226,0.0069,0.2790,0.2280
Fort Erie (Ridgeway),ON,42.8888,-79.0519,0.4340,0.3420,0.1900,0.0867,0.0223,0.0068,0.2760,0.2250
Fort Frances,ON,48.6114,-93.3968,0.1250,0.1020,0.0490,0.0186,0.0036,0.0011,0.0776,0.0529
Gananoque,ON,44.3353,-76.1647,0.3980,0.3880,0.2370,0.1160,0.0321,0.0102,0.2230,0.2600
Geraldton,ON,49.7189,-86.9493,0.1110,0.1040,0.0555,0.0229,0.0049,0.0015,0.0651,0.0548
Glencoe,ON,42.7460,-81.7116,0.2290,0.2170,0.1250,0.0578,0.0145,0.0045,0.1340,0.1300
Goderich,ON,43.7431,-81.7111,0.1860,0.2000,0.1220,0.0587,0.0151,0.0048,0.1020,0.1220
Gore Bay,ON,45.9168,-82.4641,0.1670,0.1840,0.1140,0.0550,0.0142,0.0045,0.0905,0.1130
Graham,ON,49.2508,-90.5780,0.1370,0.1120,0.0545,0.0209,0.0041,0.0012,0.0854,0.0587
Gravenhurst (Muskoka Airport),ON,44.9377,-79.3721,0.2780,0.2900,0.1770,0.0858,0.0230,0.0072,0.1490,0.1840
Grimsby,ON,43.1932,-79.5607,0.4300,0.3390,0.1880,0.0857,0.0220,0.0067,0.2730,0.2220
Guelph,ON,43.5461,-80.2493,0.2750,0.2630,0.1560,0.0741,0.0194,0.0061,0.1650,0.1660
Guthrie,ON,45.7807,-77.7469,0.4880,0.4300,0.2560,0.1220,0.0337,0.0106,0.2900,0.2930
Haileybury,ON,47.4442,-79.6361,0.3920,0.3440,0.2000,0.0937,0.0249,0.0078,0.2370,0.2260
Haldimand (Caledonia),ON,43.0726,-79.9544,0.3520,0.2970,0.1690,0.0781,0.0202,0.0063,0.2210,0.1910
Haldimand (Hagersville),ON,42.9640,-80.0504,0.3150,0.2780,0.1610,0.0750,0.0195,0.0061,0.1950,0.1770
Haliburton,ON,45.1525,-78.5148,0.3290,0.3320,0.2020,0.0973,0.0262,0.0083,0.1790,0.2140
Halton Hills (Georgetown),ON,43.6524,-79.9175,0.3010,0.2790,0.1650,0.0779,0.0204,0.0064,0.1840,0.1780
Hamilton,ON,43.2561,-79.8729,0.3920,0.3180,0.1780,0.0816,0.0210,0.0065,0.2470,0.2070
Hanover,ON,44.1521,-81.0280,0.2050,0.2220,0.1370,0.0664,0.0175,0.0056,0.1110,0.1380
Hastings,ON,44.8623,-77.6788,0.3470,0.3500,0.2140,0.1040,0.0283,0.0089,0.1890,0.2290
Hawkesbury,ON,45.6103,-74.6056,0.7080,0.5490,0.3270,0.1560,0.0436,0.0137,0.4250,0.3900
Hearst,ON,49.6907,-83.6664,0.1490,0.1450,0.0825,0.0370,0.0087,0.0027,0.0866,0.0823
Honey Harbour,ON,44.8740,-79.8116,0.2570,0.2720,0.1670,0.0810,0.0216,0.0068,0.1370,0.1720
Hornepayne,ON,49.2185,-84.7744,0.1280,0.1280,0.0730,0.0327,0.0076,0.0024,0.0731,0.0716
Huntsville,ON,45.3264,-79.2184,0.3080,0.3110,0.1880,0.0908,0.0243,0.0077,0.1690,0.1990
Ingersoll,ON,43.0377,-80.8821,0.2470,0.2370,0.1400,0.0660,0.0171,0.0053,0.1440,0.1470
Iroquois Falls,ON,48.7672,-80.6771,0.3290,0.2700,0.1480,0.0668,0.0167,0.0051,0.2090,0.1690
Jellicoe,ON,49.6856,-87.5291,0.1120,0.1030,0.0545,0.0224,0.0047,0.0014,0.0655,0.0541
Kapuskasing,ON,49.4167,-82.4333,0.2120,0.1880,0.1050,0.0469,0.0113,0.0035,0.1320,0.1110
Kemptville,ON,45.0154,-75.6446,0.5980,0.5000,0.2980,0.1430,0.0396,0.0124,0.3500,0.3480
Kenora,ON,54.0246,-89.1618,0.1050,0.0946,0.0487,0.0195,0.0040,0.0012,0.0620,0.0487
Killaloe,ON,45.5564,-77.4181,0.4690,0.4240,0.2540,0.1230,0.0339,0.0107,0.2760,0.2890
Kincardine,ON,44.1776,-81.6349,0.1820,0.2010,0.1240,0.0601,0.0156,0.0050,0.0983,0.1230
Kingston,ON,44.3054,-76.4284,0.3800,0.3750,0.2290,0.1120,0.0308,0.0097,0.2110,0.2490
Kinmount,ON,44.7832,-78.6525,0.3010,0.3110,0.1900,0.0920,0.0247,0.0078,0.1620,0.1990
Kirkland Lake,ON,48.1542,-80.0313,0.3180,0.2870,0.1670,0.0783,0.0205,0.0064,0.1890,0.1820
Kitchener,ON,43.4513,-80.4928,0.2570,0.2500,0.1490,0.0713,0.0186,0.0059,0.1510,0.1570
Kitchenuhmaykoosib / Big Trout Lake,ON,53.7595,-90.0114,0.1060,0.0953,0.0490,0.0196,0.0040,0.0012,0.0625,0.0490
Lakefield,ON,44.4233,-78.2722,0.3080,0.3150,0.1920,0.0927,0.0249,0.0078,0.1700,0.2020
Lansdowne House,ON,52.2187,-87.8877,0.1100,0.1010,0.0532,0.0217,0.0046,0.0014,0.0649,0.0527
Leamington,ON,42.0531,-82.5998,0.2350,0.2120,0.1160,0.0505,0.0119,0.0036,0.1390,0.1220
Lindsay,ON,44.3551,-78.7370,0.2940,0.3000,0.1830,0.0884,0.0236,0.0074,0.1630,0.1920
Lion's Head,ON,44.9882,-81.2191,0.1990,0.2200,0.1370,0.0666,0.0176,0.0056,0.1060,0.1370
Listowel,ON,43.7316,-80.9529,0.2170,0.2260,0.1380,0.0664,0.0174,0.0055,0.1200,0.1400
London,ON,42.9837,-81.2496,0.2330,0.2260,0.1330,0.0621,0.0159,0.0050,0.1350,0.1370
Lucan,ON,43.1878,-81.4031,0.2160,0.2170,0.1290,0.0608,0.0156,0.0049,0.1220,0.1310
Maitland,ON,44.6361,-75.6119,0.5040,0.4530,0.2720,0.1320,0.0365,0.0115,0.2990,0.3120
Markdale,ON,44.3187,-80.6486,0.2180,0.2350,0.1460,0.0710,0.0188,0.0060,0.1180,0.1480
Markham,ON,43.8564,-79.3377,0.3320,0.3020,0.1770,0.0840,0.0221,0.0069,0.2030,0.1940
Martin,ON,44.6768,-79.3526,0.2720,0.2840,0.1740,0.0842,0.0225,0.0071,0.1460,0.1800
Matheson,ON,48.5355,-80.4647,0.3020,0.2660,0.1510,0.0698,0.0178,0.0055,0.1850,0.1660
Mattawa,ON,46.3173,-78.7033,0.6080,0.4690,0.2700,0.1250,0.0335,0.0103,0.3660,0.3210
Midland,ON,44.7501,-79.8857,0.2510,0.2670,0.1640,0.0796,0.0212,0.0067,0.1340,0.1690
Milton,ON,43.5137,-79.8828,0.3410,0.2960,0.1710,0.0798,0.0208,0.0065,0.2130,0.1900
Milverton,ON,43.5658,-80.9222,0.2230,0.2290,0.1390,0.0664,0.0174,0.0055,0.1260,0.1420
Minden,ON,44.9254,-78.7249,0.3050,0.3140,0.1910,0.0925,0.0248,0.0078,0.1640,0.2010
Mississauga,ON,43.5885,-79.6437,0.3630,0.3100,0.1780,0.0828,0.0215,0.0067,0.2280,0.2010
Mississauga (Lester B. Pearson Int'l Airport),ON,43.6777,-79.6248,0.3400,0.3000,0.1740,0.0819,0.0214,0.0067,0.2120,0.1930
Mississauga (Port Credit),ON,43.5506,-79.5877,0.3860,0.3210,0.1820,0.0844,0.0219,0.0067,0.2420,0.2090
Mitchell,ON,43.4679,-81.1979,0.2130,0.2200,0.1330,0.0632,0.0164,0.0052,0.1190,0.1350
Moosonee,ON,51.2671,-80.6506,0.1630,0.1530,0.0854,0.0379,0.0089,0.0028,0.0970,0.0871
Morrisburg,ON,44.8977,-75.1830,0.7430,0.5470,0.3230,0.1520,0.0419,0.0130,0.4490,0.3860
Mount Forest,ON,43.9807,-80.7338,0.2210,0.2330,0.1430,0.0693,0.0183,0.0058,0.1220,0.1450
Nakina,ON,50.1780,-86.7139,0.1120,0.1050,0.0561,0.0232,0.0049,0.0015,0.0651,0.0552
Nanticoke (Jarvis),ON,42.8970,-80.1157,0.2980,0.2700,0.1560,0.0734,0.0190,0.0060,0.1830,0.1700
Nanticoke (Port Dover),ON,42.8101,-80.0728,0.2950,0.2680,0.1550,0.0730,0.0189,0.0059,0.1810,0.1690
Napanee,ON,44.2474,-76.9506,0.3570,0.3540,0.2150,0.1040,0.0284,0.0089,0.1980,0.2320
Newcastle,ON,43.9175,-78.5888,0.3520,0.3210,0.1890,0.0899,0.0238,0.0074,0.2130,0.2090
Newcastle (Bowmanville),ON,43.9140,-78.6876,0.3520,0.3200,0.1880,0.0894,0.0237,0.0074,0.2140,0.2080
New Liskeard,ON,47.5087,-79.6789,0.3810,0.3370,0.1950,0.0919,0.0244,0.0076,0.2300,0.2200
Newmarket,ON,44.0563,-79.4617,0.2850,0.2810,0.1700,0.0813,0.0215,0.0068,0.1660,0.1790
Niagara Falls,ON,43.1066,-79.0639,0.4470,0.3520,0.1960,0.0893,0.0230,0.0070,0.2840,0.2320
North Bay,ON,46.3092,-79.4608,0.4200,0.3700,0.2160,0.1020,0.0272,0.0085,0.2540,0.2470
Norwood,ON,44.3818,-77.9798,0.3200,0.3240,0.1970,0.0950,0.0255,0.0080,0.1760,0.2090
Oakville,ON,43.4474,-79.6667,0.3990,0.3260,0.1830,0.0842,0.0217,0.0067,0.2520,0.2130
Orangeville,ON,43.9193,-80.0974,0.2570,0.2580,0.1560,0.0752,0.0198,0.0063,0.1470,0.1630
Orillia,ON,44.6066,-79.4169,0.2680,0.2800,0.1720,0.0832,0.0222,0.0070,0.1450,0.1780
Oshawa,ON,43.8976,-78.8635,0.3560,0.3200,0.1870,0.0885,0.0234,0.0073,0.2170,0.2080
Ottawa (Barrhaven),ON,45.2716,-75.7393,0.6210,0.5100,0.3040,0.1450,0.0404,0.0126,0.3620,0.3560
Ottawa (City Hall),ON,45.4215,-75.6972,0.6330,0.5160,0.3070,0.1470,0.0409,0.0128,0.3690,0.3610
Ottawa (Kanata),ON,45.3013,-75.8981,0.5890,0.4970,0.2970,0.1420,0.0397,0.0124,0.3450,0.3460
Ottawa (M-C Int'l Airport),ON,45.3225,-75.6692,0.6430,0.5190,0.3080,0.1470,0.0410,0.0128,0.3770,0.3630
Ottawa (Orléans),ON,45.4619,-75.5152,0.6760,0.5310,0.3150,0.1500,0.0418,0.0131,0.4010,0.3730
Owen Sound,ON,44.5678,-80.9430,0.2060,0.2260,0.1410,0.0686,0.0182,0.0058,0.1100,0.1410
Pagwa River,ON,50.0167,-85.2167,0.1200,0.1180,0.0659,0.0288,0.0065,0.0020,0.0694,0.0647
Paris,ON,43.1932,-80.3843,0.2820,0.2620,0.1530,0.0723,0.0188,0.0059,0.1710,0.1650
Parkhill,ON,43.1623,-81.6842,0.2060,0.2080,0.1240,0.0582,0.0148,0.0047,0.1160,0.1250
Parry Sound,ON,45.6675,-80.1055,0.2820,0.2850,0.1730,0.0832,0.0222,0.0070,0.1550,0.1810
Pelham (Fonthill),ON,43.0348,-79.2844,0.4370,0.3440,0.1910,0.0869,0.0223,0.0068,0.2780,0.2260
Pembroke,ON,45.8210,-77.1115,0.5540,0.4700,0.2790,0.1340,0.0371,0.0116,0.3290,0.3250
Penetanguishene,ON,44.7688,-79.9339,0.2490,0.2650,0.1630,0.0792,0.0211,0.0067,0.1330,0.1680
Perth,ON,43.4936,-81.0164,0.2210,0.2260,0.1370,0.0653,0.0170,0.0054,0.1250,0.1390
Petawawa,ON,45.8984,-77.2827,0.5540,0.4670,0.2770,0.1330,0.0368,0.0115,0.3290,0.3230
Peterborough,ON,44.3048,-78.3199,0.3100,0.3120,0.1900,0.0917,0.0245,0.0077,0.1730,0.2010
Petrolia,ON,42.8820,-82.1496,0.2030,0.2000,0.1170,0.0541,0.0135,0.0042,0.1150,0.1190
Pickering (Dunbarton),ON,43.8363,-79.0836,0.3680,0.3220,0.1860,0.0876,0.0230,0.0071,0.2260,0.2100
Picton,ON,44.0077,-77.1412,0.3520,0.3420,0.2070,0.0991,0.0266,0.0083,0.1980,0.2230
Plattsville,ON,43.3033,-80.6216,0.2540,0.2460,0.1460,0.0696,0.0181,0.0057,0.1480,0.1540
Point Alexander,ON,46.1375,-77.5587,0.5640,0.4680,0.2770,0.1320,0.0365,0.0114,0.3350,0.3240
Port Burwell,ON,42.6467,-80.8003,0.2660,0.2440,0.1410,0.0656,0.0168,0.0052,0.1600,0.1510
Port Colborne,ON,42.8862,-79.2514,0.4200,0.3340,0.1850,0.0847,0.0217,0.0066,0.2670,0.2190
Port Elgin,ON,44.4359,-81.3889,0.1890,0.2100,0.1300,0.0631,0.0166,0.0053,0.1010,0.1290
Port Hope,ON,43.9516,-78.2940,0.3510,0.3250,0.1920,0.0916,0.0243,0.0076,0.2090,0.2120
Port Perry,ON,44.1054,-78.9425,0.3060,0.2980,0.1800,0.0864,0.0230,0.0072,0.1780,0.1920
Port Stanley,ON,42.6660,-81.2122,0.2520,0.2330,0.1340,0.0620,0.0157,0.0049,0.1500,0.1420
Prescott,ON,44.7184,-75.5192,0.5520,0.4790,0.2860,0.1370,0.0379,0.0119,0.3320,0.3320
Princeton,ON,49.4605,-120.5080,0.4560,0.4370,0.3160,0.2070,0.0805,0.0353,0.1920,0.3200
Raith,ON,48.8475,-89.9469,0.1300,0.1080,0.0527,0.0204,0.0040,0.0012,0.0805,0.0563
Rayside-Balfour (Chelmsford),ON,46.5578,-81.1945,0.2400,0.2450,0.1470,0.0703,0.0183,0.0058,0.1320,0.1520
Red Lake,ON,51.0189,-93.8274,0.1330,0.1110,0.0549,0.0212,0.0043,0.0013,0.0816,0.0580
Renfrew,ON,45.7301,-77.2794,0.5290,0.4560,0.2710,0.1300,0.0360,0.0113,0.3160,0.3140
Richmond Hill,ON,43.8801,-79.4393,0.3150,0.2930,0.1730,0.0824,0.0217,0.0068,0.1900,0.1880
Rockland,ON,45.5486,-75.2916,0.7040,0.5400,0.3200,0.1520,0.0424,0.0133,0.4230,0.3820
Sarnia,ON,42.9744,-82.4035,0.1890,0.1910,0.1120,0.0519,0.0129,0.0041,0.1060,0.1130
Sault Ste. Marie,ON,46.5127,-84.3330,0.1280,0.1380,0.0831,0.0392,0.0097,0.0031,0.0729,0.0810
Schreiber,ON,48.8115,-87.2627,0.1100,0.1010,0.0536,0.0221,0.0047,0.0014,0.0644,0.0533
Seaforth,ON,43.5534,-81.3934,0.2030,0.2120,0.1290,0.0614,0.0159,0.0050,0.1120,0.1290
Shelburne,ON,44.0785,-80.2034,0.2430,0.2520,0.1540,0.0744,0.0197,0.0062,0.1360,0.1590
Simcoe,ON,44.5014,-79.7039,0.2570,0.2700,0.1660,0.0800,0.0213,0.0067,0.1390,0.1700
Sioux Lookout,ON,50.1001,-91.9190,0.1430,0.1170,0.0570,0.0218,0.0043,0.0013,0.0887,0.0614
Smiths Falls,ON,44.9013,-76.0212,0.4740,0.4400,0.2660,0.1290,0.0361,0.0114,0.2760,0.3020
Smithville,ON,43.0988,-79.5464,0.4260,0.3360,0.1860,0.0849,0.0218,0.0066,0.2710,0.2200
Smooth Rock Falls,ON,49.2768,-81.6312,0.3180,0.2470,0.1310,0.0570,0.0137,0.0042,0.2090,0.1530
Southampton,ON,44.4957,-81.3716,0.1900,0.2110,0.1310,0.0635,0.0167,0.0053,0.1010,0.1300
South River,ON,45.8412,-79.3803,0.3490,0.3330,0.1980,0.0946,0.0253,0.0080,0.2000,0.2160
St. Catharines,ON,43.1580,-79.2441,0.4440,0.3500,0.1940,0.0884,0.0227,0.0069,0.2820,0.2300
St. Marys,ON,43.2571,-81.1409,0.2240,0.2240,0.1340,0.0635,0.0164,0.0052,0.1270,0.1370
St. Thomas,ON,42.7790,-81.1930,0.2460,0.2310,0.1340,0.0623,0.0158,0.0049,0.1450,0.1410
Stirling,ON,44.2962,-77.5474,0.3410,0.3380,0.2050,0.0985,0.0265,0.0083,0.1900,0.2190
Stratford,ON,43.3701,-80.9818,0.2270,0.2290,0.1380,0.0655,0.0170,0.0054,0.1290,0.1410
Strathroy,ON,42.9661,-81.5910,0.2200,0.2150,0.1260,0.0589,0.0149,0.0047,0.1260,0.1300
Sturgeon Falls,ON,46.3653,-79.9322,0.3530,0.3270,0.1920,0.0913,0.0242,0.0076,0.2090,0.2130
Sudbury,ON,46.4927,-80.9912,0.2540,0.2560,0.1540,0.0734,0.0192,0.0061,0.1410,0.1600
Sundridge,ON,45.7711,-79.3958,0.3400,0.3280,0.1960,0.0935,0.0250,0.0079,0.1930,0.2110
Tavistock,ON,43.3210,-80.8363,0.2370,0.2350,0.1410,0.0670,0.0175,0.0055,0.1370,0.1460
Temagami,ON,47.0626,-79.7896,0.4110,0.3560,0.2060,0.0966,0.0255,0.0079,0.2510,0.2360
Thamesford,ON,43.0589,-80.9963,0.2400,0.2330,0.1380,0.0648,0.0167,0.0052,0.1400,0.1430
Thedford,ON,43.1639,-81.8529,0.1990,0.2030,0.1210,0.0568,0.0144,0.0045,0.1120,0.1220
Thunder Bay,ON,48.4064,-89.2598,0.1160,0.0997,0.0502,0.0198,0.0040,0.0012,0.0704,0.0520
Tillsonburg,ON,42.8595,-80.7265,0.2600,0.2440,0.1430,0.0670,0.0173,0.0054,0.1540,0.1510
Timmins,ON,48.4775,-81.3304,0.2520,0.2310,0.1320,0.0605,0.0152,0.0047,0.1530,0.1400
Timmins (Porcupine),ON,48.5041,-81.3370,0.2550,0.2310,0.1320,0.0604,0.0151,0.0047,0.1550,0.1410
Etobicoke,ON,43.6205,-79.5132,0.3770,0.3190,0.1820,0.0846,0.0220,0.0068,0.2360,0.2070
North York,ON,43.7615,-79.4111,0.3510,0.3090,0.1790,0.0842,0.0220,0.0068,0.2180,0.2000
Scarborough,ON,43.7731,-79.2577,0.3690,0.3190,0.1840,0.0864,0.0226,0.0070,0.2300,0.2080
Toronto (City Hall),ON,43.6532,-79.3832,0.3920,0.3270,0.1860,0.0864,0.0224,0.0069,0.2450,0.2140
Trenton,ON,44.1019,-77.5754,0.3540,0.3390,0.2030,0.0972,0.0260,0.0081,0.2030,0.2200
Trout Creek,ON,45.9870,-79.3595,0.3700,0.3450,0.2050,0.0972,0.0260,0.0081,0.2170,0.2260
Uxbridge,ON,44.1089,-79.1227,0.2980,0.2920,0.1760,0.0846,0.0225,0.0070,0.1730,0.1870
Vaughan (Woodbridge),ON,43.7866,-79.5944,0.3170,0.2910,0.1710,0.0812,0.0213,0.0067,0.1930,0.1860
Vittoria,ON,42.7624,-80.3234,0.2780,0.2560,0.1490,0.0703,0.0182,0.0057,0.1680,0.1610
Walkerton,ON,44.1332,-81.1486,0.2000,0.2180,0.1340,0.0650,0.0171,0.0054,0.1090,0.1350
Wallaceburg,ON,42.5929,-82.3874,0.2120,0.2020,0.1150,0.0522,0.0128,0.0040,0.1220,0.1190
Waterloo,ON,43.4653,-80.5223,0.2540,0.2480,0.1480,0.0709,0.0186,0.0059,0.1480,0.1560
Watford,ON,42.9481,-81.8803,0.2100,0.2070,0.1210,0.0564,0.0142,0.0045,0.1190,0.1240
Wawa,ON,47.9929,-84.7740,0.1260,0.1300,0.0752,0.0343,0.0082,0.0026,0.0720,0.0736
Welland,ON,42.9922,-79.2484,0.4350,0.3430,0.1900,0.0866,0.0222,0.0068,0.2770,0.2250
West Lorne,ON,42.6038,-81.6067,0.2420,0.2240,0.1280,0.0586,0.0146,0.0046,0.1440,0.1350
Whitby,ON,43.8798,-78.9422,0.3610,0.3200,0.1870,0.0882,0.0232,0.0072,0.2210,0.2090
Whitby (Brooklin),ON,43.9680,-78.9504,0.3340,0.3090,0.1830,0.0872,0.0231,0.0072,0.2010,0.2000
White River,ON,48.5933,-85.2845,0.1210,0.1220,0.0699,0.0313,0.0073,0.0023,0.0696,0.0683
Wiarton,ON,44.7438,-81.1408,0.1990,0.2200,0.1370,0.0668,0.0177,0.0056,0.1060,0.1370
Windsor,ON,42.2859,-82.9781,0.2110,0.1960,0.1090,0.0481,0.0114,0.0035,0.1210,0.1130
Wingham,ON,43.8862,-81.3127,0.1980,0.2130,0.1300,0.0628,0.0164,0.0052,0.1080,0.1310
Woodstock,ON,43.1301,-80.7563,0.2500,0.2410,0.1430,0.0676,0.0176,0.0055,0.1460,0.1500
Wyoming,ON,42.9481,-82.1208,0.2000,0.1990,0.1170,0.0543,0.0136,0.0043,0.1130,0.1190
Acton Vale,QC,45.6472,-72.5654,0.4960,0.4760,0.2950,0.1450,0.0410,0.0130,0.2830,0.3320
Alma,QC,48.5489,-71.6515,1.0100,0.6990,0.3990,0.1870,0.0521,0.0162,0.6050,0.4810
Amos,QC,48.5676,-78.1125,0.2600,0.2780,0.1750,0.0874,0.0243,0.0078,0.1410,0.1840
Aylmer,QC,45.3951,-75.8442,0.6060,0.5050,0.3010,0.1440,0.0402,0.0126,0.3520,0.3520
Baie-Comeau,QC,49.2167,-68.1500,0.5870,0.4940,0.2930,0.1390,0.0382,0.0119,0.3460,0.3400
Baie-Saint-Paul,QC,47.4426,-70.4946,1.8500,1.3500,0.7370,0.3130,0.0742,0.0225,1.1300,0.9390
Beauport,QC,46.8768,-71.1900,0.7610,0.5960,0.3590,0.1720,0.0484,0.0153,0.4420,0.4240
Bedford,QC,45.1205,-72.9885,0.5860,0.5120,0.3100,0.1500,0.0420,0.0132,0.3430,0.3590
Beloeil,QC,45.5643,-73.2040,0.7110,0.5510,0.3320,0.1590,0.0446,0.0140,0.4250,0.3920
Brome,QC,45.1892,-72.5629,0.4790,0.4620,0.2850,0.1400,0.0396,0.0125,0.2730,0.3200
Brossard,QC,45.4555,-73.4679,0.7870,0.5750,0.3450,0.1640,0.0458,0.0143,0.4750,0.4100
Buckingham,QC,45.5900,-75.4200,0.6850,0.5330,0.3160,0.1500,0.0418,0.0131,0.4110,0.3760
Campbell's Bay,QC,45.7333,-76.5833,0.5710,0.4830,0.2880,0.1380,0.0385,0.0120,0.3360,0.3350
Chambly,QC,45.4483,-73.2937,0.7490,0.5620,0.3370,0.1610,0.0450,0.0141,0.4500,0.4000
Coaticook,QC,45.1334,-71.8035,0.4410,0.4400,0.2730,0.1340,0.0378,0.0119,0.2440,0.3010
Contrecoeur,QC,45.8556,-73.2369,0.6680,0.5410,0.3280,0.1580,0.0443,0.0139,0.3930,0.3840
Cowansville,QC,45.2076,-72.7479,0.5110,0.4790,0.2940,0.1440,0.0405,0.0128,0.2960,0.3330
Deux-Montagnes,QC,45.5320,-73.8876,0.8000,0.5810,0.3470,0.1650,0.0460,0.0144,0.4820,0.4140
Dolbeau,QC,48.8798,-72.2324,0.6800,0.5350,0.3200,0.1530,0.0424,0.0133,0.3980,0.3770
Drummondville,QC,45.8864,-72.5019,0.5210,0.4910,0.3030,0.1480,0.0420,0.0133,0.2980,0.3430
Farnham,QC,45.2831,-72.9750,0.5820,0.5130,0.3110,0.1510,0.0423,0.0133,0.3400,0.3600
Fort-Coulonge,QC,45.8500,-76.7333,0.5690,0.4810,0.2870,0.1370,0.0382,0.0120,0.3360,0.3340
Gagnon,QC,51.9130,-68.1592,0.1880,0.2190,0.1410,0.0708,0.0193,0.0062,0.1020,0.1420
Gaspé,QC,48.8334,-64.4786,0.3080,0.3170,0.1970,0.0969,0.0267,0.0085,0.1710,0.2100
Gatineau,QC,45.4278,-75.7110,0.6290,0.5150,0.3070,0.1470,0.0409,0.0128,0.3670,0.3600
Gracefield,QC,46.2000,-75.8167,0.6260,0.5050,0.2970,0.1420,0.0394,0.0123,0.3770,0.3520
Granby,QC,45.3990,-72.7218,0.5080,0.4790,0.2950,0.1440,0.0409,0.0129,0.2930,0.3340
Harrington Harbour,QC,50.4977,-59.4785,0.1670,0.1760,0.1090,0.0535,0.0142,0.0046,0.0951,0.1110
Havre-Saint-Pierre,QC,50.2344,-63.5997,0.3780,0.3190,0.1850,0.0878,0.0235,0.0073,0.2360,0.2120
Hemmingford,QC,45.0484,-73.5855,0.7570,0.5650,0.3380,0.1610,0.0449,0.0140,0.4530,0.4020
Hull,QC,45.4406,-75.7327,0.6250,0.5140,0.3060,0.1460,0.0408,0.0128,0.3650,0.3590
Iberville,QC,45.3039,-73.2297,0.7140,0.5510,0.3310,0.1590,0.0443,0.0139,0.4250,0.3920
Inukjuak,QC,58.4500,-78.1167,0.1310,0.1210,0.0647,0.0270,0.0058,0.0018,0.0766,0.0644
Joliette,QC,46.0240,-73.4420,0.6540,0.5350,0.3230,0.1560,0.0438,0.0138,0.3850,0.3780
Kuujjuaq,QC,58.0992,-68.4008,0.1570,0.1730,0.1090,0.0539,0.0144,0.0046,0.0895,0.1090
Kuujjuarapik,QC,55.2773,-77.7665,0.1090,0.1000,0.0525,0.0213,0.0044,0.0013,0.0639,0.0519
Lachute,QC,45.6560,-74.3401,0.7160,0.5530,0.3300,0.1580,0.0441,0.0138,0.4290,0.3940
Lac-Mégantic,QC,45.5776,-70.8833,0.4440,0.4450,0.2770,0.1360,0.0383,0.0121,0.2440,0.3040
La Malbaie,QC,47.6505,-70.1587,1.9800,1.4700,0.8120,0.3480,0.0817,0.0241,1.2100,1.0200
La Pocatière,QC,47.3622,-70.0364,1.7100,1.2400,0.6790,0.2910,0.0713,0.0217,1.0400,0.8600
La Tuque,QC,47.4469,-72.7877,0.4670,0.4680,0.2900,0.1420,0.0404,0.0128,0.2540,0.3210
Lennoxville,QC,45.3662,-71.8564,0.4400,0.4440,0.2760,0.1360,0.0385,0.0122,0.2410,0.3050
Léry,QC,45.3658,-73.7944,0.8090,0.5830,0.3490,0.1660,0.0462,0.0144,0.4880,0.4160
Loretteville,QC,46.8574,-71.3509,0.7470,0.5890,0.3540,0.1700,0.0479,0.0151,0.4340,0.4170
Louiseville,QC,46.2519,-72.9470,0.5730,0.5150,0.3140,0.1530,0.0431,0.0136,0.3330,0.3610
Magog,QC,45.2658,-72.1481,0.4480,0.4470,0.2780,0.1370,0.0387,0.0122,0.2480,0.3070
Malartic,QC,48.1323,-78.1244,0.3080,0.3120,0.1930,0.0949,0.0263,0.0084,0.1720,0.2070
Maniwaki,QC,46.3842,-75.9659,0.6180,0.5000,0.2930,0.1400,0.0387,0.0121,0.3740,0.3480
Masson,QC,45.5500,-75.4167,0.6930,0.5350,0.3170,0.1510,0.0420,0.0132,0.4160,0.3780
Matane,QC,48.8469,-67.5295,0.6150,0.5010,0.2950,0.1400,0.0383,0.0119,0.3680,0.3450
Mont-Joli,QC,48.5839,-68.1839,0.6330,0.5280,0.3140,0.1490,0.0412,0.0129,0.3650,0.3640
Mont-Laurier,QC,46.5524,-75.4969,0.6050,0.4960,0.2920,0.1400,0.0388,0.0121,0.3670,0.3450
Montmagny,QC,46.9793,-70.5527,0.9000,0.6600,0.3970,0.1890,0.0529,0.0166,0.5300,0.4750
Beaconsfield,QC,45.4316,-73.8618,0.8080,0.5830,0.3490,0.1660,0.0462,0.0144,0.4870,0.4160
Dorval,QC,45.4453,-73.7466,0.8060,0.5830,0.3480,0.1660,0.0462,0.0144,0.4860,0.4160
Laval,QC,45.5660,-73.6919,0.7980,0.5800,0.3470,0.1660,0.0461,0.0144,0.4810,0.4130
Montréal (City Hall),QC,45.5090,-73.5540,0.7960,0.5790,0.3460,0.1650,0.0460,0.0144,0.4800,0.4130
Montréal-Est,QC,45.6175,-73.5106,0.7830,0.5740,0.3440,0.1640,0.0458,0.0143,0.4730,0.4090
Montréal-Nord,QC,45.5867,-73.6195,0.7940,0.5780,0.3460,0.1650,0.0460,0.0144,0.4790,0.4120
Outremont,QC,45.5178,-73.6033,0.7980,0.5800,0.3470,0.1660,0.0460,0.0144,0.4810,0.4130
Pierrefonds,QC,45.4888,-73.8559,0.8040,0.5820,0.3480,0.1660,0.0461,0.0144,0.4850,0.4150
Sainte-Anne-de-Bellevue,QC,45.4079,-73.9515,0.8090,0.5840,0.3480,0.1660,0.0461,0.0144,0.4880,0.4170
Saint-Lambert,QC,45.5001,-73.5083,0.7910,0.5770,0.3450,0.1650,0.0459,0.0143,0.4770,0.4110
Saint-Laurent,QC,45.5128,-73.7006,0.8020,0.5810,0.3480,0.1660,0.0461,0.0144,0.4840,0.4140
Verdun,QC,45.4653,-73.5685,0.7980,0.5790,0.3470,0.1650,0.0460,0.0144,0.4810,0.4130
Nicolet (Gentilly),QC,46.5267,-72.3860,0.5770,0.5230,0.3200,0.1550,0.0439,0.0139,0.3310,0.3660
Nitchequon,QC,53.2000,-70.9000,0.1270,0.1460,0.0936,0.0467,0.0124,0.0040,0.0724,0.0921
Noranda,QC,48.2333,-79.0167,0.2960,0.2910,0.1750,0.0847,0.0229,0.0072,0.1680,0.1870
Percé,QC,48.5240,-64.2120,0.2870,0.3040,0.1910,0.0950,0.0263,0.0084,0.1570,0.2020
Pincourt,QC,45.3874,-73.9874,0.8090,0.5840,0.3480,0.1660,0.0461,0.0144,0.4880,0.4170
Plessisville,QC,46.2195,-71.7720,0.5120,0.4940,0.3050,0.1490,0.0424,0.0135,0.2860,0.3430
Port-Cartier,QC,50.0286,-66.8860,0.4780,0.4100,0.2400,0.1140,0.0309,0.0096,0.2960,0.2770
Puvirnituq,QC,60.0349,-77.2817,0.2040,0.1680,0.0855,0.0347,0.0075,0.0022,0.1290,0.0931
Ancienne-Lorette,QC,46.7926,-71.3710,0.7320,0.5820,0.3510,0.1680,0.0474,0.0149,0.4250,0.4120
Lévis,QC,46.7107,-71.1767,0.6940,0.5710,0.3440,0.1660,0.0467,0.0147,0.3980,0.4040
Québec,QC,46.8137,-71.2084,0.7420,0.5880,0.3540,0.1700,0.0478,0.0151,0.4300,0.4170
Sainte-Foy,QC,46.7743,-71.2994,0.7290,0.5820,0.3500,0.1680,0.0473,0.0149,0.4220,0.4120
Sillery,QC,46.7821,-71.2527,0.7320,0.5830,0.3510,0.1690,0.0474,0.0150,0.4240,0.4130
Richmond,QC,49.1632,-123.1374,1.2000,1.2500,0.8840,0.5340,0.1570,0.0563,0.5480,0.8070
Rimouski,QC,48.4480,-68.5317,0.6450,0.5420,0.3240,0.1540,0.0428,0.0135,0.3650,0.3750
Rivière-du-Loup,QC,47.8274,-69.5388,1.3600,0.9610,0.5190,0.2250,0.0614,0.0190,0.8300,0.6650
Roberval,QC,48.5200,-72.2300,0.8890,0.6090,0.3640,0.1710,0.0474,0.0147,0.5350,0.4330
Rock Island,QC,45.430,-73.570,0.798,0.579,0.347,0.165,0.046,0.0143,0.481,0.413
Rosemère,QC,45.6373,-73.7997,0.7890,0.5770,0.3450,0.1650,0.0458,0.0143,0.4760,0.4110
Rouyn,QC,48.2410,-79.0180,0.2950,0.2900,0.1750,0.0845,0.0228,0.0072,0.1670,0.1860
Saguenay,QC,48.4060,-71.0692,1.0400,0.7240,0.4130,0.1950,0.0545,0.0170,0.6160,0.5030
Saguenay (Bagotville),QC,48.3305,-70.9964,1.0600,0.7380,0.4190,0.1980,0.0554,0.0173,0.6270,0.5150
Saguenay (Jonquière),QC,48.4178,-71.2348,1.0400,0.7260,0.4130,0.1940,0.0543,0.0170,0.6200,0.5040
Saguenay (Kénogami),QC,48.4067,-71.2569,1.0400,0.7270,0.4130,0.1950,0.0544,0.0170,0.6210,0.5040
Sainte-Agathe-des-Monts,QC,46.0461,-74.2799,0.6310,0.5210,0.3110,0.1490,0.0418,0.0132,0.3750,0.3660
Saint-Eustache,QC,45.5646,-73.8930,0.7950,0.5790,0.3460,0.1650,0.0459,0.0143,0.4790,0.4130
Saint-Félicien,QC,48.6487,-72.4600,0.6990,0.5440,0.3260,0.1550,0.0431,0.0135,0.4120,0.3840
Saint-Georges-de-Cacouna,QC,47.9167,-69.5000,1.1000,0.7850,0.4400,0.2070,0.0574,0.0180,0.6610,0.5420
Saint-Hubert,QC,45.5043,-73.4217,0.7800,0.5730,0.3430,0.1640,0.0456,0.0143,0.4700,0.4080
Saint-Hubert-de-Rivière-du-Loup,QC,47.8240,-69.5417,1.3800,0.9710,0.5230,0.2270,0.0616,0.0190,0.8380,0.6720
Saint-Hyacinthe,QC,45.6275,-72.9406,0.5680,0.5120,0.3130,0.1520,0.0428,0.0135,0.3350,0.3600
Saint-Jean-sur-Richelieu,QC,45.3057,-73.2533,0.7250,0.5550,0.3330,0.1600,0.0445,0.0139,0.4330,0.3940
Saint-Jérôme,QC,45.7780,-74.0033,0.7350,0.5590,0.3340,0.1600,0.0445,0.0140,0.4410,0.3980
Saint-Jovite,QC,46.1159,-74.5891,0.6270,0.5170,0.3070,0.1470,0.0411,0.0129,0.3750,0.3620
Saint-Lazare / Hudson,QC,45.4463,-74.1678,0.7980,0.5790,0.3450,0.1640,0.0457,0.0143,0.4810,0.4130
Saint-Nicolas,QC,46.7001,-71.3966,0.7010,0.5700,0.3440,0.1650,0.0466,0.0147,0.4040,0.4020
Salaberry-de-Valleyfield,QC,45.2534,-74.1337,0.8110,0.5830,0.3470,0.1650,0.0458,0.0143,0.4890,0.4160
Schefferville,QC,54.8025,-66.8200,0.1140,0.1170,0.0691,0.0323,0.0079,0.0026,0.0664,0.0682
Senneterre,QC,48.3912,-77.2317,0.2780,0.3010,0.1910,0.0953,0.0267,0.0085,0.1500,0.2010
Sept-Îles,QC,50.2023,-66.3817,0.4540,0.3890,0.2270,0.1080,0.0292,0.0091,0.2820,0.2620
Shawinigan,QC,46.5699,-72.7449,0.5370,0.5020,0.3090,0.1510,0.0426,0.0135,0.3060,0.3500
Shawville,QC,45.5994,-76.4928,0.5660,0.4820,0.2870,0.1380,0.0384,0.0120,0.3340,0.3340
Sherbrooke,QC,45.4033,-71.8890,0.4410,0.4450,0.2770,0.1370,0.0387,0.0122,0.2420,0.3060
Sorel,QC,46.0444,-73.1047,0.6040,0.5240,0.3190,0.1540,0.0435,0.0137,0.3480,0.3690
Sutton,QC,45.1115,-72.6186,0.4860,0.4650,0.2860,0.1400,0.0396,0.0125,0.2780,0.3220
Tadoussac,QC,48.1440,-69.7192,0.9780,0.6960,0.4160,0.1980,0.0555,0.0175,0.5740,0.5000
Témiscaming,QC,46.7219,-79.0955,0.9790,0.6470,0.3280,0.1460,0.0376,0.0112,0.6120,0.4280
Terrebonne,QC,45.7040,-73.6434,0.7800,0.5730,0.3430,0.1640,0.0457,0.0143,0.4700,0.4080
Thetford Mines,QC,46.0548,-71.2974,0.4730,0.4720,0.2930,0.1440,0.0408,0.0129,0.2600,0.3250
Thurso,QC,45.6000,-75.2333,0.6890,0.5370,0.3180,0.1520,0.0422,0.0133,0.4140,0.3790
Trois-Rivières,QC,46.3432,-72.5428,0.5780,0.5200,0.3180,0.1540,0.0436,0.0138,0.3330,0.3640
Val-des-Sources,QC,45.7780,-71.8920,0.4580,0.4600,0.2860,0.1410,0.0401,0.0127,0.2510,0.3170
Val-d'Or,QC,48.1023,-77.7876,0.3120,0.3190,0.1980,0.0978,0.0272,0.0087,0.1740,0.2120
Varennes,QC,45.6835,-73.4363,0.7680,0.5690,0.3410,0.1630,0.0455,0.0142,0.4630,0.4050
Verchères,QC,45.7751,-73.3560,0.7310,0.5580,0.3360,0.1610,0.0450,0.0141,0.4380,0.3970
Victoriaville,QC,46.0555,-71.9599,0.4930,0.4820,0.2990,0.1470,0.0416,0.0132,0.2750,0.3340
Ville-Marie,QC,47.3337,-79.4337,0.4330,0.3710,0.2140,0.1010,0.0267,0.0083,0.2660,0.2470
Wakefield,QC,45.6317,-75.9233,0.6030,0.5040,0.3000,0.1440,0.0402,0.0126,0.3540,0.3520
Waterloo,QC,43.4653,-80.5223,0.2540,0.2480,0.1480,0.0709,0.0186,0.0059,0.1480,0.1560
Windsor,QC,42.2859,-82.9781,0.2110,0.1960,0.1090,0.0481,0.0114,0.0035,0.1210,0.1130
Alma,NB,48.5489,-71.6515,1.0100,0.6990,0.3990,0.1870,0.0521,0.0162,0.6050,0.4810
Bathurst,NB,47.6209,-65.6538,0.4150,0.3900,0.2350,0.1140,0.0312,0.0098,0.2470,0.2610
Boiestown,NB,46.4542,-66.4171,0.4450,0.4150,0.2500,0.1210,0.0333,0.0105,0.2680,0.2810
Campbellton,NB,48.0047,-66.6766,0.4390,0.4220,0.2550,0.1230,0.0337,0.0106,0.2510,0.2820
Edmundston,NB,47.3637,-68.3289,0.5140,0.4920,0.2980,0.1430,0.0401,0.0127,0.2870,0.3320
Fredericton,NB,45.9488,-66.6292,0.4220,0.4030,0.2450,0.1190,0.0329,0.0104,0.2460,0.2710
Gagetown,NB,45.7736,-66.1561,0.4000,0.3830,0.2340,0.1140,0.0317,0.0100,0.2330,0.2570
Grand Falls,NB,47.0476,-67.7408,0.4930,0.4660,0.2820,0.1360,0.0377,0.0118,0.2840,0.3160
Miramichi,NB,47.0298,-65.4704,0.4080,0.3820,0.2310,0.1120,0.0308,0.0097,0.2450,0.2570
Moncton,NB,46.0986,-64.8004,0.3390,0.3360,0.2080,0.1030,0.0286,0.0091,0.1960,0.2260
Oromocto,NB,45.8392,-66.4799,0.4170,0.3970,0.2410,0.1170,0.0325,0.0103,0.2440,0.2670
Sackville,NB,45.9079,-64.3724,0.3100,0.3160,0.1990,0.0991,0.0278,0.0088,0.1770,0.2150
Saint Andrews,NB,45.0742,-67.0528,1.0500,0.6960,0.3540,0.1590,0.0419,0.0125,0.6560,0.4580
Saint John,NB,45.2733,-66.0633,0.3900,0.3720,0.2280,0.1120,0.0311,0.0098,0.2310,0.2530
Shippagan,NB,47.7428,-64.7053,0.3300,0.3340,0.2070,0.1020,0.0283,0.0089,0.1860,0.2220
St. George,NB,45.1308,-66.8369,0.7740,0.5370,0.3090,0.1430,0.0383,0.0116,0.4790,0.3700
St. Stephen,NB,45.2025,-67.2797,0.9360,0.6090,0.3320,0.1510,0.0403,0.0121,0.5870,0.4060
Woodstock,NB,43.1301,-80.7563,0.2500,0.2410,0.1430,0.0676,0.0176,0.0055,0.1460,0.1500
Amherst,NS,45.8193,-64.2334,0.2950,0.3070,0.1950,0.0978,0.0276,0.0088,0.1670,0.2090
Antigonish,NS,45.6214,-61.9905,0.2390,0.2730,0.1790,0.0922,0.0263,0.0084,0.1290,0.1890
Bridgewater,NS,44.3774,-64.5194,0.2740,0.2890,0.1840,0.0923,0.0258,0.0082,0.1490,0.1950
Canso,NS,45.3368,-60.9966,0.2720,0.2960,0.1910,0.0971,0.0276,0.0088,0.1460,0.2040
Debert,NS,45.4128,-63.4686,0.2560,0.2830,0.1840,0.0945,0.0270,0.0087,0.1400,0.1960
Digby,NS,44.6194,-65.7586,0.3450,0.3390,0.2090,0.1030,0.0287,0.0091,0.1990,0.2280
Greenwood (CFB),NS,44.9844,-64.9167,0.3010,0.3130,0.1970,0.0982,0.0275,0.0087,0.1660,0.2110
Dartmouth,NS,44.6800,-63.5720,0.2570,0.2790,0.1800,0.0920,0.0262,0.0084,0.1400,0.1920
Halifax,NS,44.6486,-63.5859,0.2570,0.2790,0.1800,0.0919,0.0261,0.0084,0.1400,0.1920
Kentville,NS,45.0785,-64.4952,0.2840,0.3010,0.1920,0.0964,0.0271,0.0086,0.1550,0.2040
Liverpool,NS,44.0361,-64.7173,0.2760,0.2870,0.1800,0.0901,0.0250,0.0080,0.1510,0.1920
Lockeport,NS,43.6962,-65.1177,0.2800,0.2860,0.1780,0.0886,0.0244,0.0078,0.1540,0.1900
Louisbourg,NS,45.9237,-59.9700,0.2920,0.3150,0.2010,0.1010,0.0285,0.0091,0.1560,0.2140
Lunenburg,NS,44.3775,-64.3155,0.2700,0.2860,0.1820,0.0918,0.0258,0.0082,0.1460,0.1940
New Glasgow,NS,45.5869,-62.6484,0.2390,0.2740,0.1800,0.0933,0.0268,0.0086,0.1290,0.1920
North Sydney,NS,46.2003,-60.2553,0.2660,0.2940,0.1900,0.0965,0.0273,0.0087,0.1410,0.2010
Pictou,NS,45.5855,-62.7283,0.2400,0.2740,0.1810,0.0935,0.0269,0.0086,0.1300,0.1920
Port Hawkesbury,NS,45.6167,-61.3500,0.2510,0.2820,0.1840,0.0942,0.0268,0.0086,0.1350,0.1950
Springhill,NS,45.6527,-64.0625,0.2780,0.2970,0.1910,0.0964,0.0273,0.0087,0.1540,0.2030
Stewiacke,NS,45.1423,-63.3369,0.2530,0.2800,0.1830,0.0940,0.0269,0.0086,0.1380,0.1950
Sydney,NS,46.1382,-60.1942,0.2710,0.2980,0.1920,0.0974,0.0276,0.0088,0.1440,0.2040
Tatamagouche,NS,45.7167,-63.3000,0.2500,0.2800,0.1840,0.0944,0.0270,0.0087,0.1360,0.1950
Truro,NS,45.3657,-63.2865,0.2520,0.2800,0.1830,0.0943,0.0270,0.0087,0.1370,0.1950
Wolfville,NS,45.0914,-64.3645,0.2800,0.2980,0.1900,0.0959,0.0270,0.0086,0.1530,0.2030
Yarmouth,NS,43.8373,-66.1157,0.3090,0.3130,0.1950,0.0964,0.0268,0.0085,0.1740,0.2100
Charlottetown,PE,46.2354,-63.1265,0.2470,0.2780,0.1820,0.0937,0.0268,0.0086,0.1360,0.1930
Souris,PE,46.3565,-62.2504,0.2270,0.2660,0.1760,0.0913,0.0262,0.0084,0.1220,0.1850
Summerside,PE,46.3943,-63.7892,0.2920,0.3020,0.1920,0.0965,0.0272,0.0087,0.1680,0.2070
Tignish,PE,46.9503,-64.0358,0.3010,0.3090,0.1950,0.0971,0.0272,0.0086,0.1720,0.2090
Argentia,NL,47.2979,-53.9828,0.2580,0.2940,0.1920,0.0984,0.0281,0.0090,0.1350,0.2030
Bonavista,NL,48.6478,-53.1147,0.2030,0.2390,0.1590,0.0836,0.0240,0.0078,0.1090,0.1680
Buchans,NL,48.8183,-56.8717,0.1860,0.2240,0.1490,0.0777,0.0222,0.0072,0.1000,0.1550
Cape Harrison,NL,54.9167,-58.9167,0.2690,0.2760,0.1710,0.0846,0.0234,0.0075,0.1480,0.1820
Cape Race,NL,46.6567,-53.0807,0.2820,0.3130,0.2020,0.1030,0.0295,0.0095,0.1480,0.2170
Channel-Port aux Basques,NL,47.5697,-59.1403,0.2240,0.2600,0.1690,0.0868,0.0244,0.0079,0.1190,0.1760
Corner Brook,NL,48.9532,-57.9474,0.1790,0.2140,0.1420,0.0740,0.0209,0.0068,0.0977,0.1470
Gander,NL,48.9592,-54.6188,0.1890,0.2280,0.1530,0.0804,0.0232,0.0075,0.1020,0.1610
Grand Bank,NL,47.1003,-55.7772,0.2990,0.3260,0.2070,0.1040,0.0296,0.0095,0.1560,0.2210
Grand Falls,NL,47.0476,-67.7408,0.4930,0.4660,0.2820,0.1360,0.0377,0.0118,0.2840,0.3160
Happy Valley-Goose Bay,NL,53.3011,-60.3864,0.1490,0.1590,0.0982,0.0484,0.0127,0.0041,0.0844,0.0990
Labrador City,NL,52.9430,-66.9178,0.1430,0.1610,0.1010,0.0498,0.0132,0.0043,0.0800,0.1000
St. Anthony,NL,51.3700,-55.5960,0.1700,0.1810,0.1130,0.0570,0.0153,0.0050,0.0941,0.1170
Stephenville,NL,48.5447,-58.5806,0.1890,0.2240,0.1480,0.0767,0.0217,0.0070,0.1020,0.1540
St. John's,NL,47.5615,-52.7126,0.2310,0.2690,0.1770,0.0921,0.0264,0.0085,0.1220,0.1880
Twin Falls,NL,53.5711,-64.2711,0.1330,0.1430,0.0877,0.0423,0.0108,0.0035,0.0750,0.0867
Wabana,NL,47.6333,-52.9333,0.2300,0.2690,0.1770,0.0919,0.0264,0.0085,0.1210,0.1870
Wabush,NL,52.9258,-66.8738,0.1440,0.1610,0.1010,0.0501,0.0132,0.0043,0.0803,0.1010
Aishihik,YT,61.6548,-137.4695,0.6280,0.6980,0.4850,0.2870,0.1100,0.0577,0.2480,0.3880
Dawson,YT,64.0607,-139.4317,0.6030,0.5810,0.3760,0.2150,0.0810,0.0414,0.2430,0.3040
Destruction Bay,YT,61.2519,-138.7951,2.5500,2.6500,1.8400,1.3300,0.3670,0.1100,1.1300,1.4400
Faro,YT,62.2295,-133.3553,0.4340,0.3960,0.2490,0.1400,0.0537,0.0288,0.1730,0.2030
Haines Junction,YT,60.7525,-137.5116,1.2500,1.2200,0.8810,0.5300,0.1830,0.0760,0.5280,0.6990
Snag,YT,62.3803,-140.3967,0.7720,0.8530,0.5990,0.3570,0.1360,0.0663,0.3140,0.4820
Teslin,YT,60.1650,-132.7388,0.4390,0.4410,0.3040,0.1870,0.0795,0.0450,0.1740,0.2630
Watson Lake,YT,60.0634,-128.7074,0.4720,0.4310,0.2530,0.1250,0.0468,0.0232,0.1860,0.1960
Whitehorse,YT,60.7216,-135.0549,0.5160,0.5600,0.3920,0.2370,0.0957,0.0526,0.2000,0.3210
Aklavik,NT,68.2183,-135.0136,0.6670,0.6350,0.3900,0.1990,0.0583,0.0228,0.2810,0.3120
Behchokǫ̀ / Rae-Edzo,NT,62.8506,-116.0543,0.1020,0.0972,0.0580,0.0283,0.0071,0.0022,0.0607,0.0541
Echo Bay / Port Radium,NT,66.0833,-117.8333,0.1010,0.0968,0.0597,0.0307,0.0088,0.0029,0.0602,0.0562
Fort Good Hope,NT,66.2581,-128.6394,0.4460,0.4260,0.2680,0.1400,0.0412,0.0166,0.1740,0.2010
Fort McPherson,NT,67.4500,-134.8833,0.6500,0.6560,0.4180,0.2170,0.0662,0.0274,0.2620,0.3150
Fort Providence,NT,61.3189,-117.6472,0.1100,0.1140,0.0742,0.0388,0.0104,0.0034,0.0643,0.0660
Fort Resolution,NT,61.1684,-113.6792,0.1030,0.0934,0.0485,0.0196,0.0040,0.0012,0.0607,0.0481
Fort Simpson,NT,61.8606,-121.3522,0.2490,0.2690,0.1740,0.0888,0.0242,0.0086,0.1040,0.1300
Fort Smith,NT,60.0060,-111.8876,0.1020,0.0925,0.0481,0.0195,0.0040,0.0012,0.0601,0.0477
Hay River,NT,60.8162,-115.7998,0.1060,0.0992,0.0540,0.0235,0.0052,0.0016,0.0623,0.0525
Inuvik,NT,68.3607,-133.7230,0.4940,0.4730,0.2970,0.1570,0.0474,0.0186,0.2020,0.2420
Mould Bay,NT,76.2333,-119.3500,0.4120,0.4200,0.2720,0.1400,0.0411,0.0132,0.2410,0.3050
Norman Wells,NT,65.2820,-126.8296,0.8740,0.8040,0.4850,0.2340,0.0584,0.0194,0.3700,0.3640
Tungsten,NT,61.9427,-128.2528,0.4970,0.4720,0.2870,0.1430,0.0456,0.0220,0.1950,0.2120
Ulukhaktok / Holman,NT,70.7345,-117.7684,0.1120,0.1140,0.0663,0.0312,0.0090,0.0029,0.0651,0.0661
Wrigley,NT,63.2192,-123.6381,0.8670,0.7910,0.4740,0.2260,0.0545,0.0165,0.3670,0.3560
Yellowknife,NT,62.4541,-114.3774,0.1020,0.0917,0.0472,0.0188,0.0038,0.0012,0.0606,0.0471
Alert,NU,82.5018,-62.3481,0.2790,0.2400,0.1310,0.0578,0.0139,0.0043,0.1710,0.1440
Arctic Bay,NU,73.0391,-85.1605,0.2750,0.3040,0.1950,0.0975,0.0272,0.0086,0.1510,0.2030
Arviat,NU,61.1017,-94.0608,0.1080,0.1050,0.0586,0.0252,0.0056,0.0017,0.0630,0.0564
Baker Lake,NU,64.3185,-96.0183,0.1510,0.1580,0.0926,0.0418,0.0099,0.0031,0.0837,0.0891
Eureka,NU,79.9950,-85.9330,0.3610,0.3770,0.2480,0.1290,0.0384,0.0123,0.2120,0.2780
Igluligaarjuk / Chesterfield Inlet,NU,63.3468,-90.7143,0.1830,0.1820,0.1030,0.0458,0.0107,0.0033,0.1020,0.1010
Iqaluit,NU,63.7467,-68.5170,0.2030,0.2250,0.1420,0.0706,0.0190,0.0061,0.1130,0.1440
Iqaluktuuttiaq / Cambridge Bay,NU,69.1169,-105.0530,0.1220,0.1290,0.0754,0.0342,0.0080,0.0025,0.0692,0.0718
Isachsen,NU,78.7833,-103.5333,0.5890,0.5980,0.3870,0.1960,0.0585,0.0189,0.3190,0.4460
Kangiqiniq / Rankin Inlet,NU,62.8108,-92.0847,0.1420,0.1480,0.0861,0.0385,0.0090,0.0028,0.0787,0.0822
Kanngiqtugaapik / Clyde River,NU,70.4724,-68.5924,0.5740,0.5410,0.3350,0.1660,0.0475,0.0151,0.3320,0.3860
Kugluktuk / Coppermine,NU,67.8286,-115.0979,0.1010,0.0897,0.0454,0.0191,0.0047,0.0014,0.0603,0.0478
Nottingham Island,NU,63.1667,-77.9833,0.2100,0.1780,0.0938,0.0395,0.0089,0.0027,0.1320,0.1000
Resolute,NU,74.6970,-94.8290,0.3600,0.3360,0.2020,0.0962,0.0257,0.0080,0.2200,0.2180
Resolution Island,NU,61.5667,-64.6333,0.4340,0.4020,0.2420,0.1170,0.0322,0.0102,0.2520,0.2710
Salliq / Coral Harbour,NU,64.1387,-83.1595,0.2190,0.2040,0.1120,0.0488,0.0113,0.0034,0.1280,0.1150
